51,H****** da Mata,803.***.***-**,c*********************@example.net,7451,1985-09-28,2026-04-22 16:02:38.773800,2026-04-22 16:02:38.773801
64,E**** Moreira,651.***.***-**,d******@example.com,9595,1985-05-16,2026-04-22 16:02:38.773816,2026-04-22 16:02:38.773816
66,B***** Araújo,489.***.***-**,d************@example.net,0616,1985-02-19,2026-04-22 16:02:38.773818,2026-04-22 16:02:38.773818
103,M**** Liz Fogaça,897.***.***-**,o***********@example.net,4559,1985-09-07,2026-04-22 16:02:38.773870,2026-04-22 16:02:38.773871
262,E******** Azevedo,935.***.***-**,j************@example.net,5635,1985-11-11,2026-04-22 16:02:38.774063,2026-04-22 16:02:38.774063
321,S** Vitor Castro,179.***.***-**,t*******@example.com,9967,1985-01-25,2026-04-22 16:02:38.774131,2026-04-22 16:02:38.774131
424,A**** Montenegro,276.***.***-**,n******@example.net,3882,1985-01-16,2026-04-22 16:02:38.774255,2026-04-22 16:02:38.774256
519,J*** Gonçalves,302.***.***-**,c******************@example.net,9995,1985-04-24,2026-04-22 16:02:38.774366,2026-04-22 16:02:38.774367
549,L**** da Paz,910.***.***-**,v************@example.net,1067,1985-02-05,2026-04-22 16:02:38.774402,2026-04-22 16:02:38.774402
562,N*** Pires,420.***.***-**,e*********@example.com,0223,1985-08-29,2026-04-22 16:02:38.774416,2026-04-22 16:02:38.774417
576,S** Vitor Hugo Gonçalves,849.***.***-**,e*****@example.net,4598,1985-03-28,2026-04-22 16:02:38.774432,2026-04-22 16:02:38.774432
621,M****** da Paz,671.***.***-**,m********************@example.com,4876,1985-06-24,2026-04-22 16:02:38.774486,2026-04-22 16:02:38.774486
668,A**** Melo,035.***.***-**,h********@example.net,4948,1985-09-16,2026-04-22 16:02:38.774550,2026-04-22 16:02:38.774550
717,I***** da Conceição,570.***.***-**,c*****@example.org,6866,1985-06-24,2026-04-22 16:02:38.774610,2026-04-22 16:02:38.774611
725,D** Carlos Eduardo Dias,520.***.***-**,d********@example.net,4209,1985-12-10,2026-04-22 16:02:38.774619,2026-04-22 16:02:38.774619
830,D*** Mariana Lima,982.***.***-**,m***************@example.com,6293,1985-02-22,2026-04-22 16:02:38.774743,2026-04-22 16:02:38.774744
858,I*** Marques,143.***.***-**,l**************@example.net,2379,1985-06-29,2026-04-22 16:02:38.774776,2026-04-22 16:02:38.774777
936,L**** Carvalho,316.***.***-**,m*********************@example.net,5522,1985-04-15,2026-04-22 16:02:38.774867,2026-04-22 16:02:38.774868
1149,H****** das Neves,850.***.***-**,l********@example.com,3664,1985-07-08,2026-04-22 16:02:38.775122,2026-04-22 16:02:38.775123
1345,S*** Maria Luísa Aragão,216.***.***-**,f***************@example.com,4529,1985-07-06,2026-04-22 16:02:38.775358,2026-04-22 16:02:38.775359
1388,N****** Melo,792.***.***-**,a**********@example.net,0570,1985-12-17,2026-04-22 16:02:38.775408,2026-04-22 16:02:38.775409
1467,V******** Porto,490.***.***-**,d***********@example.com,0276,1985-09-27,2026-04-22 16:02:38.775498,2026-04-22 16:02:38.775498
1493,C*** Camargo,986.***.***-**,g**********@example.com,8102,1985-12-22,2026-04-22 16:02:38.775570,2026-04-22 16:02:38.775570
1619,S*** Maitê Correia,230.***.***-**,l*************@example.net,9911,1985-06-17,2026-04-22 16:02:38.775736,2026-04-22 16:02:38.775737
1724,S*** Luna Marques,475.***.***-**,r*****@example.org,0707,1985-09-02,2026-04-22 16:02:38.775857,2026-04-22 16:02:38.775859
1727,L**** Gabriel da Rosa,865.***.***-**,d************@example.org,6742,1985-10-10,2026-04-22 16:02:38.775862,2026-04-22 16:02:38.775862
1788,J*** Gabriel da Luz,072.***.***-**,f*******************@example.net,8134,1985-04-28,2026-04-22 16:02:38.775932,2026-04-22 16:02:38.775932
1862,S** Kaique Monteiro,540.***.***-**,t***********@example.org,5737,1985-07-22,2026-04-22 16:02:38.776017,2026-04-22 16:02:38.776018
1875,Y** Gomes,289.***.***-**,n******************@example.org,1662,1985-03-20,2026-04-22 16:02:38.776032,2026-04-22 16:02:38.776032
1947,C****** Nascimento,710.***.***-**,e*****@example.org,4394,1985-02-26,2026-04-22 16:02:38.776118,2026-04-22 16:02:38.776119
1960,C**** Correia,964.***.***-**,n**********@example.org,9260,1985-06-23,2026-04-22 16:02:38.776133,2026-04-22 16:02:38.776133
2057,M**** Eduarda Lopes,013.***.***-**,m***********@example.net,6269,1985-12-29,2026-04-22 16:02:38.776255,2026-04-22 16:02:38.776256
2207,S** Luiz Henrique Carvalho,408.***.***-**,y********@example.org,3618,1985-11-10,2026-04-22 16:02:38.776434,2026-04-22 16:02:38.776434
2321,E**** Rezende,079.***.***-**,g***********@example.com,8906,1985-12-13,2026-04-22 16:02:38.776583,2026-04-22 16:02:38.776594
2404,R*** Machado,071.***.***-**,a***********@example.net,7238,1985-07-26,2026-04-22 16:02:38.776697,2026-04-22 16:02:38.776699
2467,V****** Câmara,901.***.***-**,d************@example.com,1290,1985-04-12,2026-04-22 16:02:38.776779,2026-04-22 16:02:38.776780
2496,J**** Marques,283.***.***-**,v**************@example.org,7671,1985-03-13,2026-04-22 16:02:38.776813,2026-04-22 16:02:38.776814
2507,I**** Vargas,431.***.***-**,u*******@example.net,9994,1985-10-06,2026-04-22 16:02:38.776826,2026-04-22 16:02:38.776826
2509,L**** Barros,691.***.***-**,a******@example.org,2782,1985-12-29,2026-04-22 16:02:38.776828,2026-04-22 16:02:38.776828
2550,Y*** Alves,960.***.***-**,m******@example.org,1386,1985-03-25,2026-04-22 16:02:38.776875,2026-04-22 16:02:38.776875
2629,A****** Barros,520.***.***-**,a**************@example.org,2269,1985-09-22,2026-04-22 16:02:38.776967,2026-04-22 16:02:38.776968
2656,R*** Lucca Andrade,482.***.***-**,r*************@example.com,6270,1985-01-11,2026-04-22 16:02:38.776997,2026-04-22 16:02:38.776997
2727,L****** Vargas,053.***.***-**,p*****************@example.net,9734,1985-01-11,2026-04-22 16:02:38.777080,2026-04-22 16:02:38.777081
2775,R***** Rios,256.***.***-**,a*************@example.org,9245,1985-10-18,2026-04-22 16:02:38.777137,2026-04-22 16:02:38.777138
2808,T***** Ribeiro,109.***.***-**,m*******************@example.com,9743,1985-04-07,2026-04-22 16:02:38.777176,2026-04-22 16:02:38.777177
2822,A****** Gabriel Pastor,895.***.***-**,x****@example.org,4284,1985-05-05,2026-04-22 16:02:38.777192,2026-04-22 16:02:38.777193
3025,G******** Casa Grande,541.***.***-**,c*****@example.com,6290,1985-07-07,2026-04-22 16:02:38.777427,2026-04-22 16:02:38.777428
3088,L**** da Mota,921.***.***-**,m******************@example.org,3646,1985-06-15,2026-04-22 16:02:38.777500,2026-04-22 16:02:38.777501
3113,P***** Pires,401.***.***-**,m**************@example.org,6323,1985-05-14,2026-04-22 16:02:38.777534,2026-04-22 16:02:38.777534
3145,C****** Campos,864.***.***-**,m**********@example.com,8112,1985-02-17,2026-04-22 16:02:38.777573,2026-04-22 16:02:38.777574
3154,N*** Cassiano,921.***.***-**,v*******@example.com,4631,1985-08-21,2026-04-22 16:02:38.777583,2026-04-22 16:02:38.777584
3163,G******** Ribeiro,847.***.***-**,g************@example.org,9211,1985-03-02,2026-04-22 16:02:38.777593,2026-04-22 16:02:38.777594
3247,O***** Gonçalves,415.***.***-**,o*******@example.net,1293,1985-09-27,2026-04-22 16:02:38.777700,2026-04-22 16:02:38.777701
3251,J*** Pedro Fonseca,523.***.***-**,c***********@example.com,1569,1985-01-31,2026-04-22 16:02:38.777705,2026-04-22 16:02:38.777705
3253,A**** Novais,594.***.***-**,v********@example.org,7269,1985-03-30,2026-04-22 16:02:38.777707,2026-04-22 16:02:38.777708
3311,D*** Kamilly Lopes,217.***.***-**,g************@example.org,6293,1985-01-12,2026-04-22 16:02:38.777780,2026-04-22 16:02:38.777781
3314,G******** Novais,913.***.***-**,n***************@example.org,3497,1985-05-20,2026-04-22 16:02:38.777783,2026-04-22 16:02:38.777784
3386,C*** da Rosa,920.***.***-**,m*****************@example.org,1131,1985-01-20,2026-04-22 16:02:38.777867,2026-04-22 16:02:38.777868
3387,O***** Costa,432.***.***-**,m***********@example.com,5511,1985-01-27,2026-04-22 16:02:38.777868,2026-04-22 16:02:38.777869
3393,M**** Eduarda Sales,670.***.***-**,l***********@example.net,8129,1985-11-27,2026-04-22 16:02:38.777875,2026-04-22 16:02:38.777875
3401,H***** Montenegro,148.***.***-**,i*******@example.com,9200,1985-06-13,2026-04-22 16:02:38.777884,2026-04-22 16:02:38.777884
3677,G****** Ribeiro,345.***.***-**,x******@example.org,0701,1985-03-22,2026-04-22 16:02:38.778197,2026-04-22 16:02:38.778198
3806,A**** Gonçalves,574.***.***-**,a********@example.net,7262,1985-01-11,2026-04-22 16:02:38.778348,2026-04-22 16:02:38.778348
3808,S**** Eloá Costela,426.***.***-**,l*************@example.org,1968,1985-08-16,2026-04-22 16:02:38.778352,2026-04-22 16:02:38.778353
3817,H****** Silva,049.***.***-**,j***********@example.net,3330,1985-11-02,2026-04-22 16:02:38.778362,2026-04-22 16:02:38.778363
3850,E*** Gabriel Pacheco,814.***.***-**,b******@example.com,9733,1985-12-01,2026-04-22 16:02:38.778402,2026-04-22 16:02:38.778402
3916,G******* Viana,580.***.***-**,m***********@example.com,1858,1985-12-11,2026-04-22 16:02:38.778480,2026-04-22 16:02:38.778480
3928,S**** Lavínia Rodrigues,956.***.***-**,l******@example.com,5497,1985-11-28,2026-04-22 16:02:38.778495,2026-04-22 16:02:38.778495
3988,S*** Joana Costa,846.***.***-**,m********@example.net,1090,1985-02-03,2026-04-22 16:02:38.778583,2026-04-22 16:02:38.778584
4003,D**** Silva,754.***.***-**,o*****************@example.com,0289,1985-09-09,2026-04-22 16:02:38.778600,2026-04-22 16:02:38.778601
4023,D** Henry Gabriel Mendonça,843.***.***-**,s*******@example.com,3414,1985-05-01,2026-04-22 16:02:38.778625,2026-04-22 16:02:38.778626
4600,L****** Sousa,382.***.***-**,p*************@example.net,4612,1985-05-07,2026-04-22 16:02:38.779326,2026-04-22 16:02:38.779327
4651,G****** Gonçalves,039.***.***-**,p***********@example.org,1142,1985-06-09,2026-04-22 16:02:38.779386,2026-04-22 16:02:38.779386
4693,A****** Gabriel da Paz,329.***.***-**,l*********@example.com,4187,1985-06-20,2026-04-22 16:02:38.779434,2026-04-22 16:02:38.779435
4702,A**** da Cunha,569.***.***-**,y********@example.com,7096,1985-08-20,2026-04-22 16:02:38.779446,2026-04-22 16:02:38.779447
4847,S**** Ísis Freitas,940.***.***-**,c******@example.com,3565,1985-10-18,2026-04-22 16:02:38.779623,2026-04-22 16:02:38.779624
4854,D** Pedro Henrique Campos,479.***.***-**,d*****@example.org,9465,1985-12-06,2026-04-22 16:02:38.779631,2026-04-22 16:02:38.779632
4974,E***** Marques,645.***.***-**,p******@example.net,8275,1985-02-19,2026-04-22 16:02:38.779771,2026-04-22 16:02:38.779772
5039,A****** Cavalcanti,561.***.***-**,z********@example.net,5675,1985-04-10,2026-04-22 16:02:38.779845,2026-04-22 16:02:38.779848
5120,D*** Carolina Novais,906.***.***-**,a*****************@example.org,8105,1985-09-23,2026-04-22 16:02:38.779940,2026-04-22 16:02:38.779941
5123,B******* Azevedo,952.***.***-**,a**********@example.com,1749,1985-07-07,2026-04-22 16:02:38.779944,2026-04-22 16:02:38.779944
5193,I*** Montenegro,814.***.***-**,v*****************@example.com,6905,1985-05-11,2026-04-22 16:02:38.780029,2026-04-22 16:02:38.780029
5197,D** Theodoro Jesus,950.***.***-**,b**************@example.org,9285,1985-12-31,2026-04-22 16:02:38.780033,2026-04-22 16:02:38.780034
5220,D*** Clara Cunha,792.***.***-**,j***************@example.com,0665,1985-04-17,2026-04-22 16:02:38.780062,2026-04-22 16:02:38.780062
5243,R*** Silveira,284.***.***-**,f***********@example.com,8569,1985-07-03,2026-04-22 16:02:38.780088,2026-04-22 16:02:38.780089
5250,C*** das Neves,703.***.***-**,m**************@example.com,6921,1985-08-06,2026-04-22 16:02:38.780096,2026-04-22 16:02:38.780096
5289,D***** Novaes,912.***.***-**,c*********@example.org,8036,1985-12-09,2026-04-22 16:02:38.780141,2026-04-22 16:02:38.780141
5460,D*** Luiz Carvalho,042.***.***-**,m******@example.net,3692,1985-03-19,2026-04-22 16:02:38.780343,2026-04-22 16:02:38.780344
5514,A****** Siqueira,407.***.***-**,d************@example.com,1114,1985-07-08,2026-04-22 16:02:38.780407,2026-04-22 16:02:38.780408
5535,O*** Fonseca,328.***.***-**,d*****************@example.org,1471,1985-01-10,2026-04-22 16:02:38.780429,2026-04-22 16:02:38.780430
5548,M***** Cavalcante,143.***.***-**,d*******@example.net,6327,1985-03-01,2026-04-22 16:02:38.780443,2026-04-22 16:02:38.780444
5652,N*** Lima,892.***.***-**,j***************@example.com,1964,1985-07-30,2026-04-22 16:02:38.780570,2026-04-22 16:02:38.780571
5689,S** Rodrigo Moura,981.***.***-**,m***************@example.net,7437,1985-03-01,2026-04-22 16:02:38.780614,2026-04-22 16:02:38.780614
5690,A** Barros,734.***.***-**,r********@example.com,9468,1985-09-11,2026-04-22 16:02:38.780615,2026-04-22 16:02:38.780615
5709,S*** Isabel Macedo,095.***.***-**,o*******@example.net,1315,1985-01-10,2026-04-22 16:02:38.780636,2026-04-22 16:02:38.780636
5758,A****** Camargo,375.***.***-**,h******@example.org,5822,1985-03-22,2026-04-22 16:02:38.780691,2026-04-22 16:02:38.780691
5811,M***** Marques,736.***.***-**,i********@example.org,5974,1985-05-13,2026-04-22 16:02:38.780755,2026-04-22 16:02:38.780756
5823,L**** Nunes,573.***.***-**,v*************@example.net,6068,1985-05-05,2026-04-22 16:02:38.780769,2026-04-22 16:02:38.780769
6048,E***** Gomes,687.***.***-**,a**************@example.com,5410,1985-01-27,2026-04-22 16:02:38.781022,2026-04-22 16:02:38.781023
6072,S*** Maria Luiza Albuquerque,671.***.***-**,l*************@example.org,2101,1985-02-16,2026-04-22 16:02:38.781050,2026-04-22 16:02:38.781050
6098,S** Ravi Lucca Fernandes,527.***.***-**,m**************@example.net,4886,1985-10-16,2026-04-22 16:02:38.781078,2026-04-22 16:02:38.781078
6137,D*** Isabelly Ramos,052.***.***-**,a**********@example.org,3909,1985-12-30,2026-04-22 16:02:38.781121,2026-04-22 16:02:38.781122
6158,E***** Nogueira,309.***.***-**,b********@example.com,2217,1985-08-26,2026-04-22 16:02:38.781146,2026-04-22 16:02:38.781146
6224,S**** Gabrielly Melo,147.***.***-**,m****@example.org,8923,1985-10-17,2026-04-22 16:02:38.781218,2026-04-22 16:02:38.781219
6340,S******* Macedo,769.***.***-**,c*******************@example.com,4292,1985-02-20,2026-04-22 16:02:38.781348,2026-04-22 16:02:38.781349
6421,C**** Rios,078.***.***-**,l********@example.net,6642,1985-04-02,2026-04-22 16:02:38.781440,2026-04-22 16:02:38.781440
6524,E**** Lima,204.***.***-**,b************@example.org,9808,1985-06-14,2026-04-22 16:02:38.781564,2026-04-22 16:02:38.781565
6548,C**** Pimenta,125.***.***-**,j********@example.org,0835,1985-06-04,2026-04-22 16:02:38.781594,2026-04-22 16:02:38.781594
6552,E*** Cavalcante,427.***.***-**,e************@example.com,0795,1985-08-10,2026-04-22 16:02:38.781598,2026-04-22 16:02:38.781598
6562,S******* Nunes,562.***.***-**,u******@example.net,2760,1985-08-07,2026-04-22 16:02:38.781609,2026-04-22 16:02:38.781610
6696,M****** Porto,420.***.***-**,a*******@example.net,2081,1985-09-22,2026-04-22 16:02:38.781759,2026-04-22 16:02:38.781759
6777,D*** Aurora Rezende,368.***.***-**,m************@example.org,4431,1985-09-10,2026-04-22 16:02:38.781849,2026-04-22 16:02:38.781850
6890,Y** Nogueira,345.***.***-**,m************@example.com,5677,1985-07-19,2026-04-22 16:02:38.781975,2026-04-22 16:02:38.781976
6945,R***** da Paz,740.***.***-**,n*******@example.net,3342,1985-03-22,2026-04-22 16:02:38.782037,2026-04-22 16:02:38.782037
6948,V**** Nogueira,694.***.***-**,d********@example.com,9062,1985-11-12,2026-04-22 16:02:38.782040,2026-04-22 16:02:38.782040
7001,J*** Pedro Alves,653.***.***-**,b*************@example.net,6493,1985-05-25,2026-04-22 16:02:38.782101,2026-04-22 16:02:38.782101
7065,F***** Brito,897.***.***-**,r*****@example.org,2550,1985-05-11,2026-04-22 16:02:38.782172,2026-04-22 16:02:38.782172
7071,L*** Miguel Castro,489.***.***-**,i*********@example.net,6265,1985-12-18,2026-04-22 16:02:38.782178,2026-04-22 16:02:38.782179
7121,R***** Duarte,587.***.***-**,r******@example.org,5322,1985-06-01,2026-04-22 16:02:38.782238,2026-04-22 16:02:38.782238
7153,D*** Rebeca Nogueira,756.***.***-**,g*******@example.org,0383,1985-05-16,2026-04-22 16:02:38.782275,2026-04-22 16:02:38.782275
7217,B******* Macedo,405.***.***-**,e**************@example.com,5872,1985-12-08,2026-04-22 16:02:38.782348,2026-04-22 16:02:38.782349
7247,V******* Novaes,927.***.***-**,b********@example.com,5655,1985-06-15,2026-04-22 16:02:38.782380,2026-04-22 16:02:38.782381
7267,H****** Alves,564.***.***-**,c**************@example.net,5692,1985-07-19,2026-04-22 16:02:38.782403,2026-04-22 16:02:38.782404
7270,E***** Albuquerque,079.***.***-**,e*************@example.net,0164,1985-01-03,2026-04-22 16:02:38.782406,2026-04-22 16:02:38.782407
7336,I*** Santos,543.***.***-**,l*********@example.net,2166,1985-03-20,2026-04-22 16:02:38.782481,2026-04-22 16:02:38.782482
7351,M****** Oliveira,470.***.***-**,p*************@example.com,6780,1985-09-23,2026-04-22 16:02:38.782497,2026-04-22 16:02:38.782498
7373,L******* Moura,039.***.***-**,m************@example.com,2491,1985-11-11,2026-04-22 16:02:38.782525,2026-04-22 16:02:38.782526
7441,T*** da Cunha,538.***.***-**,i****@example.com,7748,1985-06-16,2026-04-22 16:02:38.782604,2026-04-22 16:02:38.782605
7467,V**** Hugo Moura,078.***.***-**,p**@example.com,9865,1985-03-16,2026-04-22 16:02:38.782634,2026-04-22 16:02:38.782634
7490,Y** Câmara,704.***.***-**,d*********************@example.com,2087,1985-09-30,2026-04-22 16:02:38.782658,2026-04-22 16:02:38.782659
7571,L*** Miguel Pinto,513.***.***-**,p************@example.net,0203,1985-07-02,2026-04-22 16:02:38.782749,2026-04-22 16:02:38.782749
7719,L****** Viana,837.***.***-**,v********@example.net,3204,1985-03-26,2026-04-22 16:02:38.782918,2026-04-22 16:02:38.782918
7750,A***** Porto,513.***.***-**,p**********@example.net,9900,1985-01-09,2026-04-22 16:02:38.782951,2026-04-22 16:02:38.782951
7781,J****** Souza,984.***.***-**,c**************@example.com,4355,1985-07-13,2026-04-22 16:02:38.782986,2026-04-22 16:02:38.782987
7838,L**** Macedo,087.***.***-**,d****@example.net,4441,1985-08-15,2026-04-22 16:02:38.783050,2026-04-22 16:02:38.783051
7846,E***** Siqueira,978.***.***-**,c*******************@example.com,7899,1985-12-31,2026-04-22 16:02:38.783061,2026-04-22 16:02:38.783061
7900,M****** da Conceição,248.***.***-**,m***********@example.com,5474,1985-04-18,2026-04-22 16:02:38.783120,2026-04-22 16:02:38.783121
7903,S**** Kamilly Novaes,475.***.***-**,c*******@example.com,9458,1985-05-16,2026-04-22 16:02:38.783123,2026-04-22 16:02:38.783124
7950,S***** Melo,589.***.***-**,g*********************@example.com,7341,1985-03-12,2026-04-22 16:02:38.783176,2026-04-22 16:02:38.783176
7989,E*** Rezende,574.***.***-**,d***************@example.net,8126,1985-08-17,2026-04-22 16:02:38.783220,2026-04-22 16:02:38.783220
8084,A** Lívia Jesus,852.***.***-**,k*****@example.net,5670,1985-03-15,2026-04-22 16:02:38.783325,2026-04-22 16:02:38.783325
8123,R****** Macedo,540.***.***-**,z******@example.org,9615,1985-12-10,2026-04-22 16:02:38.783368,2026-04-22 16:02:38.783369
8136,D*** Lucas Macedo,954.***.***-**,x******@example.net,8172,1985-02-24,2026-04-22 16:02:38.783382,2026-04-22 16:02:38.783383
8221,S**** Giovanna Carvalho,714.***.***-**,j******@example.net,6337,1985-05-22,2026-04-22 16:02:38.783480,2026-04-22 16:02:38.783481
8260,S***** Cavalcanti,527.***.***-**,w******@example.org,8913,1985-06-03,2026-04-22 16:02:38.783544,2026-04-22 16:02:38.783544
8272,A***** Rodrigues,149.***.***-**,g**********@example.net,3796,1985-12-15,2026-04-22 16:02:38.783560,2026-04-22 16:02:38.783561
8300,E******** Novaes,580.***.***-**,r************@example.net,2432,1985-02-23,2026-04-22 16:02:38.783600,2026-04-22 16:02:38.783600
8321,M**** Cecília Dias,193.***.***-**,r******@example.com,0360,1985-08-07,2026-04-22 16:02:38.783626,2026-04-22 16:02:38.783627
8352,H****** Porto,501.***.***-**,m********@example.com,3369,1985-04-02,2026-04-22 16:02:38.783662,2026-04-22 16:02:38.783662
8436,A** Luiza Farias,740.***.***-**,b*******@example.com,9347,1985-06-08,2026-04-22 16:02:38.783768,2026-04-22 16:02:38.783769
8454,F***** Pires,316.***.***-**,x*******@example.net,1482,1985-10-26,2026-04-22 16:02:38.783791,2026-04-22 16:02:38.783791
8481,J*** Souza,876.***.***-**,d********@example.org,0327,1985-02-12,2026-04-22 16:02:38.783834,2026-04-22 16:02:38.783835
8526,G******** Oliveira,519.***.***-**,m*********@example.com,9446,1985-06-20,2026-04-22 16:02:38.783887,2026-04-22 16:02:38.783888
8651,D** Léo Lima,025.***.***-**,c**********@example.com,3264,1985-11-27,2026-04-22 16:02:38.784025,2026-04-22 16:02:38.784026
8666,J*** Peixoto,913.***.***-**,h**********@example.com,9640,1985-08-16,2026-04-22 16:02:38.784044,2026-04-22 16:02:38.784044
8841,V******** Castro,382.***.***-**,b********@example.org,3601,1985-06-25,2026-04-22 16:02:38.784238,2026-04-22 16:02:38.784238
8870,T*** da Mata,705.***.***-**,z*******@example.org,3597,1985-03-12,2026-04-22 16:02:38.784271,2026-04-22 16:02:38.784271
8891,J****** Duarte,851.***.***-**,s**************@example.org,8719,1985-12-20,2026-04-22 16:02:38.784293,2026-04-22 16:02:38.784293
8898,C**** Nunes,279.***.***-**,g***********@example.net,3671,1985-03-13,2026-04-22 16:02:38.784300,2026-04-22 16:02:38.784301
8952,S*** Aurora Casa Grande,576.***.***-**,j******@example.org,1943,1985-12-14,2026-04-22 16:02:38.784362,2026-04-22 16:02:38.784363
9025,T***** Cardoso,413.***.***-**,n******@example.org,8259,1985-11-11,2026-04-22 16:02:38.784449,2026-04-22 16:02:38.784449
9032,A** Laura Lopes,197.***.***-**,a***********@example.net,9292,1985-08-08,2026-04-22 16:02:38.784456,2026-04-22 16:02:38.784457
9040,S*** Clarice Nogueira,358.***.***-**,f*************@example.net,8631,1985-12-26,2026-04-22 16:02:38.784467,2026-04-22 16:02:38.784467
9191,M**** Helena da Rocha,485.***.***-**,i***********@example.com,2787,1985-02-07,2026-04-22 16:02:38.784642,2026-04-22 16:02:38.784642
9239,M**** Luísa Rocha,358.***.***-**,d***************@example.org,8517,1985-07-22,2026-04-22 16:02:38.784695,2026-04-22 16:02:38.784695
9247,D** Dom Rocha,351.***.***-**,e******@example.net,2627,1985-09-29,2026-04-22 16:02:38.784703,2026-04-22 16:02:38.784705
9337,I** Porto,067.***.***-**,g*****@example.net,0189,1985-11-04,2026-04-22 16:02:38.784813,2026-04-22 16:02:38.784813
9378,T***** Mendonça,083.***.***-**,c******@example.net,7245,1985-01-25,2026-04-22 16:02:38.784858,2026-04-22 16:02:38.784859
9524,T*** Moraes,649.***.***-**,a******@example.com,2143,1985-11-29,2026-04-22 16:02:38.785021,2026-04-22 16:02:38.785022
9728,M***** Ribeiro,592.***.***-**,c********@example.net,9703,1985-12-02,2026-04-22 16:02:38.785253,2026-04-22 16:02:38.785253
9741,A****** Gabriel Pacheco,879.***.***-**,e*************@example.org,0589,1985-12-01,2026-04-22 16:02:38.785267,2026-04-22 16:02:38.785267
9833,C***** Barbosa,058.***.***-**,l********@example.net,7566,1985-04-30,2026-04-22 16:02:38.785371,2026-04-22 16:02:38.785371
9970,E***** Mendonça,940.***.***-**,e*******@example.org,0765,1985-08-12,2026-04-22 16:02:38.785532,2026-04-22 16:02:38.785532
10043,V****** Melo,376.***.***-**,p**********@example.org,7317,1985-03-09,2026-04-22 16:02:38.785615,2026-04-22 16:02:38.785615
10113,S**** Mariah Vieira,861.***.***-**,c**********@example.org,0380,1985-04-15,2026-04-22 16:02:38.785695,2026-04-22 16:02:38.785695
10249,Y** Gonçalves,514.***.***-**,c***********@example.com,1631,1985-11-24,2026-04-22 16:02:38.785847,2026-04-22 16:02:38.785847
10253,L****** Nascimento,651.***.***-**,p*******@example.com,2057,1985-10-07,2026-04-22 16:02:38.785851,2026-04-22 16:02:38.785852
10300,S*** Allana da Conceição,321.***.***-**,j*********@example.net,1003,1985-08-26,2026-04-22 16:02:38.785906,2026-04-22 16:02:38.785906
10359,P**** Borges,329.***.***-**,f*************@example.org,7466,1985-12-23,2026-04-22 16:02:38.785975,2026-04-22 16:02:38.785976
10415,P**** Miguel Moura,167.***.***-**,f************@example.net,0427,1985-03-12,2026-04-22 16:02:38.786038,2026-04-22 16:02:38.786039
10426,J*** Pedro Teixeira,704.***.***-**,d********************@example.org,1144,1985-08-03,2026-04-22 16:02:38.786051,2026-04-22 16:02:38.786051
10442,D*** Lucas Lima,504.***.***-**,i**********@example.net,3871,1985-03-25,2026-04-22 16:02:38.786070,2026-04-22 16:02:38.786071
10455,H****** Camargo,379.***.***-**,c*********@example.net,1917,1985-05-31,2026-04-22 16:02:38.786084,2026-04-22 16:02:38.786085
10457,S***** Moura,965.***.***-**,o*****@example.com,6831,1985-09-25,2026-04-22 16:02:38.786086,2026-04-22 16:02:38.786087
10548,R***** Aparecida,946.***.***-**,m********@example.org,4488,1985-08-22,2026-04-22 16:02:38.786190,2026-04-22 16:02:38.786190
10696,G****** Fernandes,451.***.***-**,v***********@example.net,7473,1985-08-02,2026-04-22 16:02:38.786356,2026-04-22 16:02:38.786357
10906,F******* Gonçalves,659.***.***-**,x********@example.org,4718,1985-02-28,2026-04-22 16:02:38.786603,2026-04-22 16:02:38.786603
10912,V**** Pacheco,928.***.***-**,m***************@example.com,0587,1985-12-30,2026-04-22 16:02:38.786609,2026-04-22 16:02:38.786610
10946,L** Pastor,317.***.***-**,s********@example.org,0053,1985-10-21,2026-04-22 16:02:38.786646,2026-04-22 16:02:38.786646
10976,D** Juan Melo,429.***.***-**,q******@example.org,6588,1985-07-04,2026-04-22 16:02:38.786681,2026-04-22 16:02:38.786681
10982,J**** Leão,439.***.***-**,a*********@example.org,3337,1985-05-20,2026-04-22 16:02:38.786688,2026-04-22 16:02:38.786688
11037,G****** Marques,620.***.***-**,x********@example.com,9407,1985-05-23,2026-04-22 16:02:38.786751,2026-04-22 16:02:38.786752
11042,A***** Vasconcelos,534.***.***-**,o***********@example.org,1022,1985-01-13,2026-04-22 16:02:38.786756,2026-04-22 16:02:38.786757
11065,P**** da Rosa,674.***.***-**,c***************@example.org,4893,1985-01-18,2026-04-22 16:02:38.786781,2026-04-22 16:02:38.786782
11207,E**** Aragão,703.***.***-**,a**************@example.net,9127,1985-06-18,2026-04-22 16:02:38.786943,2026-04-22 16:02:38.786944
11244,M**** Fernanda Rodrigues,059.***.***-**,g********@example.com,5343,1985-05-15,2026-04-22 16:02:38.786983,2026-04-22 16:02:38.786985
11310,F******* Macedo,957.***.***-**,a**********@example.org,4652,1985-11-02,2026-04-22 16:02:38.787058,2026-04-22 16:02:38.787059
11384,M**** Farias,891.***.***-**,v*************************@example.org,3369,1985-05-06,2026-04-22 16:02:38.787142,2026-04-22 16:02:38.787143
11458,N*** Souza,985.***.***-**,m***********@example.org,2241,1985-12-31,2026-04-22 16:02:38.787226,2026-04-22 16:02:38.787226
11519,M****** da Conceição,048.***.***-**,n************@example.org,0214,1985-07-17,2026-04-22 16:02:38.787293,2026-04-22 16:02:38.787293
11663,N****** Duarte,037.***.***-**,s*******@example.com,4026,1985-06-21,2026-04-22 16:02:38.787458,2026-04-22 16:02:38.787458
11692,A**** Azevedo,759.***.***-**,m***************@example.net,9719,1985-08-30,2026-04-22 16:02:38.787491,2026-04-22 16:02:38.787491
11744,E**** Sales,043.***.***-**,k**********@example.net,2763,1985-04-17,2026-04-22 16:02:38.787554,2026-04-22 16:02:38.787555
11846,S*** Bianca Borges,629.***.***-**,a*******@example.net,8589,1985-09-07,2026-04-22 16:02:38.787671,2026-04-22 16:02:38.787672
11933,B**** Rios,238.***.***-**,p**********@example.com,7598,1985-04-01,2026-04-22 16:02:38.787770,2026-04-22 16:02:38.787770
11956,S*** Ana Cecília Rodrigues,380.***.***-**,c*******@example.org,2632,1985-04-30,2026-04-22 16:02:38.787794,2026-04-22 16:02:38.787795
11977,L**** Machado,421.***.***-**,m**************@example.org,1426,1985-07-22,2026-04-22 16:02:38.787819,2026-04-22 16:02:38.787819
12024,S** Igor Cardoso,206.***.***-**,g********@example.com,0487,1985-10-23,2026-04-22 16:02:38.787871,2026-04-22 16:02:38.787871
12027,A**** Garcia,910.***.***-**,d***********@example.net,5885,1985-11-30,2026-04-22 16:02:38.787874,2026-04-22 16:02:38.787874
12129,M**** Clara Lima,908.***.***-**,h*******@example.com,4132,1985-10-05,2026-04-22 16:02:38.787996,2026-04-22 16:02:38.787996
12256,D**** Fernandes,630.***.***-**,c******************@example.org,4159,1985-01-12,2026-04-22 16:02:38.788146,2026-04-22 16:02:38.788146
12338,L** Porto,364.***.***-**,h***************@example.net,1416,1985-10-05,2026-04-22 16:02:38.788241,2026-04-22 16:02:38.788241
12356,D** Casa Grande,142.***.***-**,m************@example.com,5217,1985-07-29,2026-04-22 16:02:38.788262,2026-04-22 16:02:38.788263
12415,M**** Fernanda Silva,758.***.***-**,l***********@example.com,6480,1985-08-03,2026-04-22 16:02:38.788330,2026-04-22 16:02:38.788330
12587,L*** Novais,963.***.***-**,m*****************@example.org,0018,1985-04-04,2026-04-22 16:02:38.788537,2026-04-22 16:02:38.788537
12723,N***** da Costa,218.***.***-**,r**********@example.org,5706,1985-01-21,2026-04-22 16:02:38.788710,2026-04-22 16:02:38.788710
12755,T*** Casa Grande,589.***.***-**,c*******@example.net,0456,1985-12-11,2026-04-22 16:02:38.788746,2026-04-22 16:02:38.788746
12949,D** Benjamin Costa,430.***.***-**,j****************@example.org,5188,1985-08-04,2026-04-22 16:02:38.788969,2026-04-22 16:02:38.788970
13025,J*** Vitor Pastor,357.***.***-**,k********@example.net,3511,1985-04-09,2026-04-22 16:02:38.789055,2026-04-22 16:02:38.789056
13085,J**** Rios,021.***.***-**,b************@example.com,6277,1985-05-22,2026-04-22 16:02:38.789124,2026-04-22 16:02:38.789125
13111,S**** Duarte,103.***.***-**,p************@example.net,9998,1985-06-23,2026-04-22 16:02:38.789152,2026-04-22 16:02:38.789153
13142,P**** Lucas da Cruz,316.***.***-**,s***********@example.com,8736,1985-05-06,2026-04-22 16:02:38.789187,2026-04-22 16:02:38.789188
13152,M***** Vieira,213.***.***-**,l*********@example.net,1973,1985-09-06,2026-04-22 16:02:38.789198,2026-04-22 16:02:38.789199
13254,G******** Carvalho,261.***.***-**,j*********@example.com,5576,1985-04-14,2026-04-22 16:02:38.789326,2026-04-22 16:02:38.789327
13271,J**** da Luz,031.***.***-**,b*******@example.org,9096,1985-07-24,2026-04-22 16:02:38.789345,2026-04-22 16:02:38.789345
13287,S**** Bárbara Rocha,476.***.***-**,h*****@example.org,3096,1985-03-02,2026-04-22 16:02:38.789374,2026-04-22 16:02:38.789375
13288,S******* da Luz,256.***.***-**,k**********@example.com,3314,1985-12-14,2026-04-22 16:02:38.789375,2026-04-22 16:02:38.789376
13335,M***** Pimenta,603.***.***-**,g*********@example.org,7457,1985-04-15,2026-04-22 16:02:38.789438,2026-04-22 16:02:38.789439
13376,B****** da Conceição,547.***.***-**,m************@example.com,8818,1985-09-17,2026-04-22 16:02:38.789486,2026-04-22 16:02:38.789486
13402,E**** Castro,210.***.***-**,e*************@example.net,5578,1985-07-09,2026-04-22 16:02:38.789531,2026-04-22 16:02:38.789532
13497,E***** Silveira,127.***.***-**,d***************@example.com,3703,1985-04-25,2026-04-22 16:02:38.789647,2026-04-22 16:02:38.789650
13531,L***** Souza,168.***.***-**,j***********@example.org,0130,1985-04-17,2026-04-22 16:02:38.789687,2026-04-22 16:02:38.789687
13623,I** Farias,750.***.***-**,m********@example.com,7029,1985-10-16,2026-04-22 16:02:38.789794,2026-04-22 16:02:38.789794
13664,O***** Mendonça,023.***.***-**,m**************@example.net,8094,1985-04-16,2026-04-22 16:02:38.789842,2026-04-22 16:02:38.789842
13687,E***** Andrade,872.***.***-**,a********@example.com,5595,1985-08-02,2026-04-22 16:02:38.789870,2026-04-22 16:02:38.789870
13735,M**** Liz da Rocha,659.***.***-**,l*********@example.org,7262,1985-09-28,2026-04-22 16:02:38.789925,2026-04-22 16:02:38.789926
13822,M***** Sales,416.***.***-**,l******@example.net,5242,1985-11-14,2026-04-22 16:02:38.790024,2026-04-22 16:02:38.790024
13926,I****** Moura,680.***.***-**,m**********@example.net,2503,1985-01-18,2026-04-22 16:02:38.790143,2026-04-22 16:02:38.790143
13970,V**** Gabriel Rezende,708.***.***-**,j***********@example.com,5722,1985-04-28,2026-04-22 16:02:38.790192,2026-04-22 16:02:38.790193
14003,B******* Correia,073.***.***-**,v*******@example.org,6566,1985-04-12,2026-04-22 16:02:38.790228,2026-04-22 16:02:38.790229
14066,Y***** Martins,750.***.***-**,c***************@example.com,0789,1985-06-02,2026-04-22 16:02:38.790301,2026-04-22 16:02:38.790302
14182,H******* da Cruz,930.***.***-**,s**********@example.net,3173,1985-03-21,2026-04-22 16:02:38.790440,2026-04-22 16:02:38.790441
14188,S******* Lima,802.***.***-**,d****************@example.com,7624,1985-05-08,2026-04-22 16:02:38.790447,2026-04-22 16:02:38.790448
14207,E**** da Rocha,089.***.***-**,u*****@example.com,5110,1985-02-04,2026-04-22 16:02:38.790468,2026-04-22 16:02:38.790468
14310,R****** Freitas,839.***.***-**,t*******@example.net,1491,1985-09-19,2026-04-22 16:02:38.790597,2026-04-22 16:02:38.790598
14325,S**** Sales,809.***.***-**,a***************@example.com,9745,1985-11-08,2026-04-22 16:02:38.790614,2026-04-22 16:02:38.790615
14338,L**** Pastor,154.***.***-**,s************@example.com,9009,1985-06-15,2026-04-22 16:02:38.790629,2026-04-22 16:02:38.790629
14367,P***** Ferreira,413.***.***-**,v******************@example.com,8902,1985-06-22,2026-04-22 16:02:38.790663,2026-04-22 16:02:38.790663
14428,R*** Novais,391.***.***-**,m********@example.net,7606,1985-07-21,2026-04-22 16:02:38.790731,2026-04-22 16:02:38.790732
14431,C**** Pimenta,180.***.***-**,a*******************@example.net,7775,1985-05-23,2026-04-22 16:02:38.790735,2026-04-22 16:02:38.790735
14451,N****** Barbosa,291.***.***-**,l*********@example.com,0198,1985-01-28,2026-04-22 16:02:38.790760,2026-04-22 16:02:38.790760
14455,K***** Freitas,684.***.***-**,s************@example.org,9909,1985-10-21,2026-04-22 16:02:38.790764,2026-04-22 16:02:38.790765
14530,M***** Pereira,819.***.***-**,l******@example.com,9294,1985-12-26,2026-04-22 16:02:38.790851,2026-04-22 16:02:38.790851
14575,S**** Alves,490.***.***-**,l***********@example.org,9394,1985-01-15,2026-04-22 16:02:38.790901,2026-04-22 16:02:38.790902
14615,N***** Moraes,059.***.***-**,c***********@example.com,3263,1985-11-24,2026-04-22 16:02:38.790946,2026-04-22 16:02:38.790947
14657,D*** Miguel Teixeira,015.***.***-**,h***************@example.org,6860,1985-02-20,2026-04-22 16:02:38.790994,2026-04-22 16:02:38.790994
14791,S**** Macedo,659.***.***-**,s*************@example.net,0376,1985-09-25,2026-04-22 16:02:38.791151,2026-04-22 16:02:38.791152
14826,O***** Cassiano,073.***.***-**,r***********@example.org,0969,1985-12-08,2026-04-22 16:02:38.791192,2026-04-22 16:02:38.791192
14849,R*** Rios,628.***.***-**,d***************@example.com,5744,1985-10-26,2026-04-22 16:02:38.791216,2026-04-22 16:02:38.791217
15027,V******** Oliveira,932.***.***-**,n************@example.org,6074,1985-06-08,2026-04-22 16:02:38.791418,2026-04-22 16:02:38.791421
15169,G*** Almeida,560.***.***-**,g**************@example.org,4870,1985-11-20,2026-04-22 16:02:38.791611,2026-04-22 16:02:38.791611
15196,S**** Maria Júlia Pires,294.***.***-**,s*********@example.net,0989,1985-05-01,2026-04-22 16:02:38.791641,2026-04-22 16:02:38.791641
15213,S*** Luísa Viana,536.***.***-**,l**************@example.com,2861,1985-12-29,2026-04-22 16:02:38.791681,2026-04-22 16:02:38.791681
15251,D*** Bruna Silveira,780.***.***-**,m************@example.net,7581,1985-08-21,2026-04-22 16:02:38.791725,2026-04-22 16:02:38.791726
15264,F***** Novaes,904.***.***-**,e*******@example.org,1802,1985-04-14,2026-04-22 16:02:38.791740,2026-04-22 16:02:38.791740
15478,S** Léo Pires,561.***.***-**,m****************@example.org,1880,1985-08-30,2026-04-22 16:02:38.791986,2026-04-22 16:02:38.791987
15518,E*** Silveira,543.***.***-**,a********@example.org,0795,1985-08-09,2026-04-22 16:02:38.792032,2026-04-22 16:02:38.792033
15519,N****** Moraes,160.***.***-**,d**********@example.com,2813,1985-11-15,2026-04-22 16:02:38.792034,2026-04-22 16:02:38.792034
15528,J*** Vitor Albuquerque,568.***.***-**,t******@example.org,8613,1985-05-05,2026-04-22 16:02:38.792044,2026-04-22 16:02:38.792045
15594,D** Cauê das Neves,534.***.***-**,m*************@example.net,4827,1985-08-02,2026-04-22 16:02:38.792120,2026-04-22 16:02:38.792121
15624,J*** Lucas Pastor,915.***.***-**,d**********@example.net,1009,1985-10-30,2026-04-22 16:02:38.792196,2026-04-22 16:02:38.792196
15660,S**** Daniela da Rosa,107.***.***-**,c*************@example.org,3479,1985-10-27,2026-04-22 16:02:38.792245,2026-04-22 16:02:38.792245
15681,J*** Gabriel Camargo,150.***.***-**,h***************@example.com,9733,1985-04-09,2026-04-22 16:02:38.792270,2026-04-22 16:02:38.792270
15729,M******* Rios,082.***.***-**,l************@example.com,7134,1985-10-07,2026-04-22 16:02:38.792340,2026-04-22 16:02:38.792341
15731,M**** Sophia Aparecida,289.***.***-**,p********@example.org,4939,1985-07-02,2026-04-22 16:02:38.792342,2026-04-22 16:02:38.792343
15777,R*** Brito,924.***.***-**,m***********@example.org,4658,1985-06-09,2026-04-22 16:02:38.792394,2026-04-22 16:02:38.792395
15784,P***** Pastor,157.***.***-**,l******@example.com,4050,1985-03-10,2026-04-22 16:02:38.792402,2026-04-22 16:02:38.792403
15803,J*** Guilherme Nunes,246.***.***-**,m***********@example.org,9907,1985-04-23,2026-04-22 16:02:38.792425,2026-04-22 16:02:38.792425
15833,B******* Ribeiro,825.***.***-**,l***********@example.org,5686,1985-01-19,2026-04-22 16:02:38.792457,2026-04-22 16:02:38.792458
15898,S****** Sousa,310.***.***-**,r*****************@example.org,0154,1985-09-10,2026-04-22 16:02:38.792547,2026-04-22 16:02:38.792548
15914,D** Luiz Miguel Lopes,860.***.***-**,a**********@example.net,6387,1985-01-02,2026-04-22 16:02:38.792566,2026-04-22 16:02:38.792566
15997,B**** Rodrigues,312.***.***-**,l******@example.net,7514,1985-11-09,2026-04-22 16:02:38.792662,2026-04-22 16:02:38.792663
16039,E***** da Mota,352.***.***-**,c*****@example.org,9542,1985-02-03,2026-04-22 16:02:38.792714,2026-04-22 16:02:38.792714
16143,S***** Fogaça,247.***.***-**,f*******@example.org,9240,1985-04-09,2026-04-22 16:02:38.792843,2026-04-22 16:02:38.792843
16220,T***** Cavalcanti,920.***.***-**,e**************@example.com,4848,1985-01-05,2026-04-22 16:02:38.792930,2026-04-22 16:02:38.792930
16226,A**** Rios,051.***.***-**,c*********@example.com,8582,1985-05-15,2026-04-22 16:02:38.792936,2026-04-22 16:02:38.792937
16245,O***** Machado,607.***.***-**,a************@example.net,7582,1985-01-16,2026-04-22 16:02:38.792957,2026-04-22 16:02:38.792958
16297,L**** Peixoto,641.***.***-**,x******@example.net,3952,1985-12-04,2026-04-22 16:02:38.793023,2026-04-22 16:02:38.793024
16337,G****** Mendonça,436.***.***-**,l**********@example.com,3823,1985-09-07,2026-04-22 16:02:38.793084,2026-04-22 16:02:38.793084
16375,Y** Farias,453.***.***-**,l*********@example.org,2527,1985-09-06,2026-04-22 16:02:38.793129,2026-04-22 16:02:38.793129
16436,M**** Luísa Azevedo,740.***.***-**,i****@example.org,0136,1985-09-13,2026-04-22 16:02:38.793221,2026-04-22 16:02:38.793221
16444,C*** Alves,193.***.***-**,b******@example.org,4972,1985-07-03,2026-04-22 16:02:38.793230,2026-04-22 16:02:38.793230
16504,D*** Luiz Macedo,957.***.***-**,m**************@example.net,8192,1985-01-11,2026-04-22 16:02:38.793296,2026-04-22 16:02:38.793297
16592,G*** Pereira,408.***.***-**,c***********@example.com,4704,1985-10-04,2026-04-22 16:02:38.793398,2026-04-22 16:02:38.793398
16635,S** Lucas Caldeira,976.***.***-**,b*******@example.org,1861,1985-08-11,2026-04-22 16:02:38.793446,2026-04-22 16:02:38.793447
16644,O***** Jesus,926.***.***-**,l********@example.com,1013,1985-11-08,2026-04-22 16:02:38.793460,2026-04-22 16:02:38.793460
16695,E***** Câmara,189.***.***-**,l******@example.net,1155,1985-07-29,2026-04-22 16:02:38.793533,2026-04-22 16:02:38.793533
16741,A******** Nascimento,043.***.***-**,e***********@example.net,6838,1985-02-18,2026-04-22 16:02:38.793598,2026-04-22 16:02:38.793598
16752,H**** da Cunha,720.***.***-**,s***********@example.org,0967,1985-04-09,2026-04-22 16:02:38.793610,2026-04-22 16:02:38.793610
16787,Á***** Fogaça,381.***.***-**,r*******@example.com,7046,1985-11-24,2026-04-22 16:02:38.793651,2026-04-22 16:02:38.793651
16866,E**** Ramos,415.***.***-**,d*****@example.com,1573,1985-11-24,2026-04-22 16:02:38.793741,2026-04-22 16:02:38.793741
16909,D***** Pires,038.***.***-**,m***********@example.net,5314,1985-12-30,2026-04-22 16:02:38.793790,2026-04-22 16:02:38.793791
17043,S**** Sabrina Sampaio,089.***.***-**,f**************@example.net,7532,1985-11-11,2026-04-22 16:02:38.793940,2026-04-22 16:02:38.793940
17148,L** Aragão,845.***.***-**,h******@example.org,0959,1985-05-10,2026-04-22 16:02:38.794056,2026-04-22 16:02:38.794056
17160,J*** Guilherme Costa,127.***.***-**,x*******@example.com,0876,1985-03-02,2026-04-22 16:02:38.794071,2026-04-22 16:02:38.794071
17202,A***** Brito,406.***.***-**,i***********@example.net,1483,1985-01-12,2026-04-22 16:02:38.794118,2026-04-22 16:02:38.794119
17220,I*** da Cunha,630.***.***-**,b**********@example.com,6056,1985-05-25,2026-04-22 16:02:38.794137,2026-04-22 16:02:38.794138
17231,D** Davi Guerra,582.***.***-**,t**********@example.net,4123,1985-08-21,2026-04-22 16:02:38.794149,2026-04-22 16:02:38.794150
17281,M****** Barros,072.***.***-**,g***************@example.org,4860,1985-07-07,2026-04-22 16:02:38.794209,2026-04-22 16:02:38.794209
17364,M***** Cavalcante,839.***.***-**,l********@example.com,2582,1985-11-29,2026-04-22 16:02:38.794311,2026-04-22 16:02:38.794313
17389,E******** Peixoto,453.***.***-**,d***************@example.net,3686,1985-02-08,2026-04-22 16:02:38.794341,2026-04-22 16:02:38.794341
17506,L**** Fonseca,239.***.***-**,g*****@example.org,4952,1985-12-15,2026-04-22 16:02:38.794475,2026-04-22 16:02:38.794475
17543,D*** Bella Nogueira,690.***.***-**,m****************@example.net,3949,1985-06-16,2026-04-22 16:02:38.794530,2026-04-22 16:02:38.794530
17600,S** Ryan Cardoso,430.***.***-**,k*****@example.org,0262,1985-09-03,2026-04-22 16:02:38.794611,2026-04-22 16:02:38.794611
17737,D****** Melo,563.***.***-**,d*******@example.org,7194,1985-05-16,2026-04-22 16:02:38.794783,2026-04-22 16:02:38.794783
17768,E*** Gabriel Farias,721.***.***-**,j********@example.net,7676,1985-08-18,2026-04-22 16:02:38.794818,2026-04-22 16:02:38.794818
17776,J*** Gabriel da Cruz,416.***.***-**,s********@example.net,5768,1985-10-24,2026-04-22 16:02:38.794826,2026-04-22 16:02:38.794827
17787,V******* Nascimento,087.***.***-**,p*************@example.com,0456,1985-02-17,2026-04-22 16:02:38.794838,2026-04-22 16:02:38.794839
17791,A** Freitas,327.***.***-**,r*****@example.com,9683,1985-05-16,2026-04-22 16:02:38.794844,2026-04-22 16:02:38.794845
17875,E******** Aragão,952.***.***-**,g*****************@example.net,8389,1985-05-05,2026-04-22 16:02:38.794953,2026-04-22 16:02:38.794954
17885,M***** Vinicius Guerra,763.***.***-**,g********@example.org,6039,1985-05-01,2026-04-22 16:02:38.794964,2026-04-22 16:02:38.794965
17924,E****** Cardoso,305.***.***-**,e*****@example.net,6327,1985-10-14,2026-04-22 16:02:38.795010,2026-04-22 16:02:38.795011
18003,S** Luiz Felipe Andrade,765.***.***-**,b***********@example.com,8384,1985-08-23,2026-04-22 16:02:38.795102,2026-04-22 16:02:38.795103
18009,M**** Vitória Santos,945.***.***-**,g**********@example.net,1223,1985-06-26,2026-04-22 16:02:38.795109,2026-04-22 16:02:38.795109
18024,M**** Cecília Mendes,379.***.***-**,c*****@example.com,8751,1985-08-28,2026-04-22 16:02:38.795125,2026-04-22 16:02:38.795125
18025,A** Julia Aparecida,486.***.***-**,m******************@example.net,2263,1985-07-27,2026-04-22 16:02:38.795126,2026-04-22 16:02:38.795126
18193,M****** Teixeira,831.***.***-**,t*******@example.com,0278,1985-07-12,2026-04-22 16:02:38.795317,2026-04-22 16:02:38.795317
18288,M****** Santos,678.***.***-**,n****************@example.org,2832,1985-12-20,2026-04-22 16:02:38.795424,2026-04-22 16:02:38.795425
18300,S** Thiago Ferreira,651.***.***-**,c**********@example.com,5223,1985-04-15,2026-04-22 16:02:38.795440,2026-04-22 16:02:38.795441
18368,S*** Esther Siqueira,409.***.***-**,r***********@example.org,0278,1985-06-12,2026-04-22 16:02:38.795521,2026-04-22 16:02:38.795521
18379,V****** Caldeira,103.***.***-**,b************@example.org,1209,1985-02-28,2026-04-22 16:02:38.795533,2026-04-22 16:02:38.795534
18453,A****** Albuquerque,816.***.***-**,d********@example.org,4653,1985-10-10,2026-04-22 16:02:38.795637,2026-04-22 16:02:38.795637
18677,S** Dante Pires,843.***.***-**,p**********@example.com,0223,1985-09-28,2026-04-22 16:02:38.795907,2026-04-22 16:02:38.795908
18688,J*** Vitor Aragão,924.***.***-**,h*************@example.com,3431,1985-11-14,2026-04-22 16:02:38.795921,2026-04-22 16:02:38.795922
18713,D** Luiz Fernando Araújo,291.***.***-**,d**************@example.com,8073,1985-08-25,2026-04-22 16:02:38.795950,2026-04-22 16:02:38.795950
18758,P***** Campos,163.***.***-**,d*****************@example.net,0244,1985-12-28,2026-04-22 16:02:38.796001,2026-04-22 16:02:38.796001
18760,D**** Rocha,342.***.***-**,e*********@example.org,7828,1985-04-08,2026-04-22 16:02:38.796003,2026-04-22 16:02:38.796003
18911,M**** Cecília Carvalho,028.***.***-**,l************@example.net,0488,1985-12-27,2026-04-22 16:02:38.796174,2026-04-22 16:02:38.796175
19007,S*** Clarice Carvalho,384.***.***-**,c***********@example.com,7369,1985-10-06,2026-04-22 16:02:38.796282,2026-04-22 16:02:38.796283
19019,J*** Nascimento,068.***.***-**,d********@example.net,8469,1985-09-21,2026-04-22 16:02:38.796295,2026-04-22 16:02:38.796296
19064,H**** da Rosa,045.***.***-**,r****************@example.com,6306,1985-05-20,2026-04-22 16:02:38.796348,2026-04-22 16:02:38.796350
19140,N*** Abreu,924.***.***-**,b************@example.com,1964,1985-05-26,2026-04-22 16:02:38.796434,2026-04-22 16:02:38.796435
19159,C***** Siqueira,826.***.***-**,i**********@example.org,4341,1985-04-07,2026-04-22 16:02:38.796456,2026-04-22 16:02:38.796457
19207,J*** Pedro Marques,385.***.***-**,i**********@example.org,0852,1985-09-20,2026-04-22 16:02:38.796511,2026-04-22 16:02:38.796511
19217,S**** Maria Clara Araújo,852.***.***-**,g******@example.com,1347,1985-10-04,2026-04-22 16:02:38.796535,2026-04-22 16:02:38.796535
19277,O***** Sá,853.***.***-**,s*******@example.net,6690,1985-04-23,2026-04-22 16:02:38.796610,2026-04-22 16:02:38.796639
19281,N*** Alves,245.***.***-**,c*******@example.com,6911,1985-10-29,2026-04-22 16:02:38.796643,2026-04-22 16:02:38.796644
19327,M**** Luiza Vieira,013.***.***-**,r*******@example.net,6876,1985-12-05,2026-04-22 16:02:38.796696,2026-04-22 16:02:38.796696
19398,B***** Fogaça,698.***.***-**,m*************@example.net,3438,1985-03-10,2026-04-22 16:02:38.796782,2026-04-22 16:02:38.796783
19529,I** Castro,095.***.***-**,j******@example.net,0329,1985-11-10,2026-04-22 16:02:38.796932,2026-04-22 16:02:38.796932
19602,V**** Gabriel Fogaça,913.***.***-**,r*******@example.com,0602,1985-03-05,2026-04-22 16:02:38.797016,2026-04-22 16:02:38.797016
19650,L**** Vasconcelos,876.***.***-**,j***************@example.org,5568,1985-02-12,2026-04-22 16:02:38.797071,2026-04-22 16:02:38.797071
19678,M***** Costela,264.***.***-**,o*******@example.net,3550,1985-10-31,2026-04-22 16:02:38.797104,2026-04-22 16:02:38.797104
19780,K**** Guerra,750.***.***-**,g**********@example.org,1650,1985-09-28,2026-04-22 16:02:38.797220,2026-04-22 16:02:38.797220
19835,V****** Rios,781.***.***-**,v***********@example.net,7011,1985-05-20,2026-04-22 16:02:38.797287,2026-04-22 16:02:38.797287
19841,R**** Costa,540.***.***-**,a*************@example.com,3160,1985-02-16,2026-04-22 16:02:38.797294,2026-04-22 16:02:38.797294
19853,H****** Pacheco,795.***.***-**,a**************@example.net,7986,1985-12-29,2026-04-22 16:02:38.797307,2026-04-22 16:02:38.797308
19857,M***** Vinicius Sousa,530.***.***-**,r***********@example.com,1363,1985-07-08,2026-04-22 16:02:38.797312,2026-04-22 16:02:38.797312
19898,D** Eduardo Freitas,194.***.***-**,h***************@example.net,2815,1985-04-18,2026-04-22 16:02:38.797360,2026-04-22 16:02:38.797360
19908,N****** Duarte,698.***.***-**,p*****************@example.com,0323,1985-07-09,2026-04-22 16:02:38.797371,2026-04-22 16:02:38.797371
51,H****** da Mata,803.***.***-**,c*********************@example.net,7451,1985-09-28,2026-04-22 16:02:38.773800,2026-04-22 16:02:38.773801
64,E**** Moreira,651.***.***-**,d******@example.com,9595,1985-05-16,2026-04-22 16:02:38.773816,2026-04-22 16:02:38.773816
66,B***** Araújo,489.***.***-**,d************@example.net,0616,1985-02-19,2026-04-22 16:02:38.773818,2026-04-22 16:02:38.773818
103,M**** Liz Fogaça,897.***.***-**,o***********@example.net,4559,1985-09-07,2026-04-22 16:02:38.773870,2026-04-22 16:02:38.773871
262,E******** Azevedo,935.***.***-**,j************@example.net,5635,1985-11-11,2026-04-22 16:02:38.774063,2026-04-22 16:02:38.774063
321,S** Vitor Castro,179.***.***-**,t*******@example.com,9967,1985-01-25,2026-04-22 16:02:38.774131,2026-04-22 16:02:38.774131
424,A**** Montenegro,276.***.***-**,n******@example.net,3882,1985-01-16,2026-04-22 16:02:38.774255,2026-04-22 16:02:38.774256
519,J*** Gonçalves,302.***.***-**,c******************@example.net,9995,1985-04-24,2026-04-22 16:02:38.774366,2026-04-22 16:02:38.774367
549,L**** da Paz,910.***.***-**,v************@example.net,1067,1985-02-05,2026-04-22 16:02:38.774402,2026-04-22 16:02:38.774402
562,N*** Pires,420.***.***-**,e*********@example.com,0223,1985-08-29,2026-04-22 16:02:38.774416,2026-04-22 16:02:38.774417
576,S** Vitor Hugo Gonçalves,849.***.***-**,e*****@example.net,4598,1985-03-28,2026-04-22 16:02:38.774432,2026-04-22 16:02:38.774432
621,M****** da Paz,671.***.***-**,m********************@example.com,4876,1985-06-24,2026-04-22 16:02:38.774486,2026-04-22 16:02:38.774486
668,A**** Melo,035.***.***-**,h********@example.net,4948,1985-09-16,2026-04-22 16:02:38.774550,2026-04-22 16:02:38.774550
717,I***** da Conceição,570.***.***-**,c*****@example.org,6866,1985-06-24,2026-04-22 16:02:38.774610,2026-04-22 16:02:38.774611
725,D** Carlos Eduardo Dias,520.***.***-**,d********@example.net,4209,1985-12-10,2026-04-22 16:02:38.774619,2026-04-22 16:02:38.774619
830,D*** Mariana Lima,982.***.***-**,m***************@example.com,6293,1985-02-22,2026-04-22 16:02:38.774743,2026-04-22 16:02:38.774744
858,I*** Marques,143.***.***-**,l**************@example.net,2379,1985-06-29,2026-04-22 16:02:38.774776,2026-04-22 16:02:38.774777
936,L**** Carvalho,316.***.***-**,m*********************@example.net,5522,1985-04-15,2026-04-22 16:02:38.774867,2026-04-22 16:02:38.774868
1149,H****** das Neves,850.***.***-**,l********@example.com,3664,1985-07-08,2026-04-22 16:02:38.775122,2026-04-22 16:02:38.775123
1345,S*** Maria Luísa Aragão,216.***.***-**,f***************@example.com,4529,1985-07-06,2026-04-22 16:02:38.775358,2026-04-22 16:02:38.775359
1388,N****** Melo,792.***.***-**,a**********@example.net,0570,1985-12-17,2026-04-22 16:02:38.775408,2026-04-22 16:02:38.775409
1467,V******** Porto,490.***.***-**,d***********@example.com,0276,1985-09-27,2026-04-22 16:02:38.775498,2026-04-22 16:02:38.775498
1493,C*** Camargo,986.***.***-**,g**********@example.com,8102,1985-12-22,2026-04-22 16:02:38.775570,2026-04-22 16:02:38.775570
1619,S*** Maitê Correia,230.***.***-**,l*************@example.net,9911,1985-06-17,2026-04-22 16:02:38.775736,2026-04-22 16:02:38.775737
1724,S*** Luna Marques,475.***.***-**,r*****@example.org,0707,1985-09-02,2026-04-22 16:02:38.775857,2026-04-22 16:02:38.775859
1727,L**** Gabriel da Rosa,865.***.***-**,d************@example.org,6742,1985-10-10,2026-04-22 16:02:38.775862,2026-04-22 16:02:38.775862
1788,J*** Gabriel da Luz,072.***.***-**,f*******************@example.net,8134,1985-04-28,2026-04-22 16:02:38.775932,2026-04-22 16:02:38.775932
1862,S** Kaique Monteiro,540.***.***-**,t***********@example.org,5737,1985-07-22,2026-04-22 16:02:38.776017,2026-04-22 16:02:38.776018
1875,Y** Gomes,289.***.***-**,n******************@example.org,1662,1985-03-20,2026-04-22 16:02:38.776032,2026-04-22 16:02:38.776032
1947,C****** Nascimento,710.***.***-**,e*****@example.org,4394,1985-02-26,2026-04-22 16:02:38.776118,2026-04-22 16:02:38.776119
1960,C**** Correia,964.***.***-**,n**********@example.org,9260,1985-06-23,2026-04-22 16:02:38.776133,2026-04-22 16:02:38.776133
2057,M**** Eduarda Lopes,013.***.***-**,m***********@example.net,6269,1985-12-29,2026-04-22 16:02:38.776255,2026-04-22 16:02:38.776256
2207,S** Luiz Henrique Carvalho,408.***.***-**,y********@example.org,3618,1985-11-10,2026-04-22 16:02:38.776434,2026-04-22 16:02:38.776434
2321,E**** Rezende,079.***.***-**,g***********@example.com,8906,1985-12-13,2026-04-22 16:02:38.776583,2026-04-22 16:02:38.776594
2404,R*** Machado,071.***.***-**,a***********@example.net,7238,1985-07-26,2026-04-22 16:02:38.776697,2026-04-22 16:02:38.776699
2467,V****** Câmara,901.***.***-**,d************@example.com,1290,1985-04-12,2026-04-22 16:02:38.776779,2026-04-22 16:02:38.776780
2496,J**** Marques,283.***.***-**,v**************@example.org,7671,1985-03-13,2026-04-22 16:02:38.776813,2026-04-22 16:02:38.776814
2507,I**** Vargas,431.***.***-**,u*******@example.net,9994,1985-10-06,2026-04-22 16:02:38.776826,2026-04-22 16:02:38.776826
2509,L**** Barros,691.***.***-**,a******@example.org,2782,1985-12-29,2026-04-22 16:02:38.776828,2026-04-22 16:02:38.776828
2550,Y*** Alves,960.***.***-**,m******@example.org,1386,1985-03-25,2026-04-22 16:02:38.776875,2026-04-22 16:02:38.776875
2629,A****** Barros,520.***.***-**,a**************@example.org,2269,1985-09-22,2026-04-22 16:02:38.776967,2026-04-22 16:02:38.776968
2656,R*** Lucca Andrade,482.***.***-**,r*************@example.com,6270,1985-01-11,2026-04-22 16:02:38.776997,2026-04-22 16:02:38.776997
2727,L****** Vargas,053.***.***-**,p*****************@example.net,9734,1985-01-11,2026-04-22 16:02:38.777080,2026-04-22 16:02:38.777081
2775,R***** Rios,256.***.***-**,a*************@example.org,9245,1985-10-18,2026-04-22 16:02:38.777137,2026-04-22 16:02:38.777138
2808,T***** Ribeiro,109.***.***-**,m*******************@example.com,9743,1985-04-07,2026-04-22 16:02:38.777176,2026-04-22 16:02:38.777177
2822,A****** Gabriel Pastor,895.***.***-**,x****@example.org,4284,1985-05-05,2026-04-22 16:02:38.777192,2026-04-22 16:02:38.777193
3025,G******** Casa Grande,541.***.***-**,c*****@example.com,6290,1985-07-07,2026-04-22 16:02:38.777427,2026-04-22 16:02:38.777428
3088,L**** da Mota,921.***.***-**,m******************@example.org,3646,1985-06-15,2026-04-22 16:02:38.777500,2026-04-22 16:02:38.777501
3113,P***** Pires,401.***.***-**,m**************@example.org,6323,1985-05-14,2026-04-22 16:02:38.777534,2026-04-22 16:02:38.777534
3145,C****** Campos,864.***.***-**,m**********@example.com,8112,1985-02-17,2026-04-22 16:02:38.777573,2026-04-22 16:02:38.777574
3154,N*** Cassiano,921.***.***-**,v*******@example.com,4631,1985-08-21,2026-04-22 16:02:38.777583,2026-04-22 16:02:38.777584
3163,G******** Ribeiro,847.***.***-**,g************@example.org,9211,1985-03-02,2026-04-22 16:02:38.777593,2026-04-22 16:02:38.777594
3247,O***** Gonçalves,415.***.***-**,o*******@example.net,1293,1985-09-27,2026-04-22 16:02:38.777700,2026-04-22 16:02:38.777701
3251,J*** Pedro Fonseca,523.***.***-**,c***********@example.com,1569,1985-01-31,2026-04-22 16:02:38.777705,2026-04-22 16:02:38.777705
3253,A**** Novais,594.***.***-**,v********@example.org,7269,1985-03-30,2026-04-22 16:02:38.777707,2026-04-22 16:02:38.777708
3311,D*** Kamilly Lopes,217.***.***-**,g************@example.org,6293,1985-01-12,2026-04-22 16:02:38.777780,2026-04-22 16:02:38.777781
3314,G******** Novais,913.***.***-**,n***************@example.org,3497,1985-05-20,2026-04-22 16:02:38.777783,2026-04-22 16:02:38.777784
3386,C*** da Rosa,920.***.***-**,m*****************@example.org,1131,1985-01-20,2026-04-22 16:02:38.777867,2026-04-22 16:02:38.777868
3387,O***** Costa,432.***.***-**,m***********@example.com,5511,1985-01-27,2026-04-22 16:02:38.777868,2026-04-22 16:02:38.777869
3393,M**** Eduarda Sales,670.***.***-**,l***********@example.net,8129,1985-11-27,2026-04-22 16:02:38.777875,2026-04-22 16:02:38.777875
3401,H***** Montenegro,148.***.***-**,i*******@example.com,9200,1985-06-13,2026-04-22 16:02:38.777884,2026-04-22 16:02:38.777884
3677,G****** Ribeiro,345.***.***-**,x******@example.org,0701,1985-03-22,2026-04-22 16:02:38.778197,2026-04-22 16:02:38.778198
3806,A**** Gonçalves,574.***.***-**,a********@example.net,7262,1985-01-11,2026-04-22 16:02:38.778348,2026-04-22 16:02:38.778348
3808,S**** Eloá Costela,426.***.***-**,l*************@example.org,1968,1985-08-16,2026-04-22 16:02:38.778352,2026-04-22 16:02:38.778353
3817,H****** Silva,049.***.***-**,j***********@example.net,3330,1985-11-02,2026-04-22 16:02:38.778362,2026-04-22 16:02:38.778363
3850,E*** Gabriel Pacheco,814.***.***-**,b******@example.com,9733,1985-12-01,2026-04-22 16:02:38.778402,2026-04-22 16:02:38.778402
3916,G******* Viana,580.***.***-**,m***********@example.com,1858,1985-12-11,2026-04-22 16:02:38.778480,2026-04-22 16:02:38.778480
3928,S**** Lavínia Rodrigues,956.***.***-**,l******@example.com,5497,1985-11-28,2026-04-22 16:02:38.778495,2026-04-22 16:02:38.778495
3988,S*** Joana Costa,846.***.***-**,m********@example.net,1090,1985-02-03,2026-04-22 16:02:38.778583,2026-04-22 16:02:38.778584
4003,D**** Silva,754.***.***-**,o*****************@example.com,0289,1985-09-09,2026-04-22 16:02:38.778600,2026-04-22 16:02:38.778601
4023,D** Henry Gabriel Mendonça,843.***.***-**,s*******@example.com,3414,1985-05-01,2026-04-22 16:02:38.778625,2026-04-22 16:02:38.778626
4600,L****** Sousa,382.***.***-**,p*************@example.net,4612,1985-05-07,2026-04-22 16:02:38.779326,2026-04-22 16:02:38.779327
4651,G****** Gonçalves,039.***.***-**,p***********@example.org,1142,1985-06-09,2026-04-22 16:02:38.779386,2026-04-22 16:02:38.779386
4693,A****** Gabriel da Paz,329.***.***-**,l*********@example.com,4187,1985-06-20,2026-04-22 16:02:38.779434,2026-04-22 16:02:38.779435
4702,A**** da Cunha,569.***.***-**,y********@example.com,7096,1985-08-20,2026-04-22 16:02:38.779446,2026-04-22 16:02:38.779447
4847,S**** Ísis Freitas,940.***.***-**,c******@example.com,3565,1985-10-18,2026-04-22 16:02:38.779623,2026-04-22 16:02:38.779624
4854,D** Pedro Henrique Campos,479.***.***-**,d*****@example.org,9465,1985-12-06,2026-04-22 16:02:38.779631,2026-04-22 16:02:38.779632
4974,E***** Marques,645.***.***-**,p******@example.net,8275,1985-02-19,2026-04-22 16:02:38.779771,2026-04-22 16:02:38.779772
5039,A****** Cavalcanti,561.***.***-**,z********@example.net,5675,1985-04-10,2026-04-22 16:02:38.779845,2026-04-22 16:02:38.779848
5120,D*** Carolina Novais,906.***.***-**,a*****************@example.org,8105,1985-09-23,2026-04-22 16:02:38.779940,2026-04-22 16:02:38.779941
5123,B******* Azevedo,952.***.***-**,a**********@example.com,1749,1985-07-07,2026-04-22 16:02:38.779944,2026-04-22 16:02:38.779944
5193,I*** Montenegro,814.***.***-**,v*****************@example.com,6905,1985-05-11,2026-04-22 16:02:38.780029,2026-04-22 16:02:38.780029
5197,D** Theodoro Jesus,950.***.***-**,b**************@example.org,9285,1985-12-31,2026-04-22 16:02:38.780033,2026-04-22 16:02:38.780034
5220,D*** Clara Cunha,792.***.***-**,j***************@example.com,0665,1985-04-17,2026-04-22 16:02:38.780062,2026-04-22 16:02:38.780062
5243,R*** Silveira,284.***.***-**,f***********@example.com,8569,1985-07-03,2026-04-22 16:02:38.780088,2026-04-22 16:02:38.780089
5250,C*** das Neves,703.***.***-**,m**************@example.com,6921,1985-08-06,2026-04-22 16:02:38.780096,2026-04-22 16:02:38.780096
5289,D***** Novaes,912.***.***-**,c*********@example.org,8036,1985-12-09,2026-04-22 16:02:38.780141,2026-04-22 16:02:38.780141
5460,D*** Luiz Carvalho,042.***.***-**,m******@example.net,3692,1985-03-19,2026-04-22 16:02:38.780343,2026-04-22 16:02:38.780344
5514,A****** Siqueira,407.***.***-**,d************@example.com,1114,1985-07-08,2026-04-22 16:02:38.780407,2026-04-22 16:02:38.780408
5535,O*** Fonseca,328.***.***-**,d*****************@example.org,1471,1985-01-10,2026-04-22 16:02:38.780429,2026-04-22 16:02:38.780430
5548,M***** Cavalcante,143.***.***-**,d*******@example.net,6327,1985-03-01,2026-04-22 16:02:38.780443,2026-04-22 16:02:38.780444
5652,N*** Lima,892.***.***-**,j***************@example.com,1964,1985-07-30,2026-04-22 16:02:38.780570,2026-04-22 16:02:38.780571
5689,S** Rodrigo Moura,981.***.***-**,m***************@example.net,7437,1985-03-01,2026-04-22 16:02:38.780614,2026-04-22 16:02:38.780614
5690,A** Barros,734.***.***-**,r********@example.com,9468,1985-09-11,2026-04-22 16:02:38.780615,2026-04-22 16:02:38.780615
5709,S*** Isabel Macedo,095.***.***-**,o*******@example.net,1315,1985-01-10,2026-04-22 16:02:38.780636,2026-04-22 16:02:38.780636
5758,A****** Camargo,375.***.***-**,h******@example.org,5822,1985-03-22,2026-04-22 16:02:38.780691,2026-04-22 16:02:38.780691
5811,M***** Marques,736.***.***-**,i********@example.org,5974,1985-05-13,2026-04-22 16:02:38.780755,2026-04-22 16:02:38.780756
5823,L**** Nunes,573.***.***-**,v*************@example.net,6068,1985-05-05,2026-04-22 16:02:38.780769,2026-04-22 16:02:38.780769
6048,E***** Gomes,687.***.***-**,a**************@example.com,5410,1985-01-27,2026-04-22 16:02:38.781022,2026-04-22 16:02:38.781023
6072,S*** Maria Luiza Albuquerque,671.***.***-**,l*************@example.org,2101,1985-02-16,2026-04-22 16:02:38.781050,2026-04-22 16:02:38.781050
6098,S** Ravi Lucca Fernandes,527.***.***-**,m**************@example.net,4886,1985-10-16,2026-04-22 16:02:38.781078,2026-04-22 16:02:38.781078
6137,D*** Isabelly Ramos,052.***.***-**,a**********@example.org,3909,1985-12-30,2026-04-22 16:02:38.781121,2026-04-22 16:02:38.781122
6158,E***** Nogueira,309.***.***-**,b********@example.com,2217,1985-08-26,2026-04-22 16:02:38.781146,2026-04-22 16:02:38.781146
6224,S**** Gabrielly Melo,147.***.***-**,m****@example.org,8923,1985-10-17,2026-04-22 16:02:38.781218,2026-04-22 16:02:38.781219
6340,S******* Macedo,769.***.***-**,c*******************@example.com,4292,1985-02-20,2026-04-22 16:02:38.781348,2026-04-22 16:02:38.781349
6421,C**** Rios,078.***.***-**,l********@example.net,6642,1985-04-02,2026-04-22 16:02:38.781440,2026-04-22 16:02:38.781440
6524,E**** Lima,204.***.***-**,b************@example.org,9808,1985-06-14,2026-04-22 16:02:38.781564,2026-04-22 16:02:38.781565
6548,C**** Pimenta,125.***.***-**,j********@example.org,0835,1985-06-04,2026-04-22 16:02:38.781594,2026-04-22 16:02:38.781594
6552,E*** Cavalcante,427.***.***-**,e************@example.com,0795,1985-08-10,2026-04-22 16:02:38.781598,2026-04-22 16:02:38.781598
6562,S******* Nunes,562.***.***-**,u******@example.net,2760,1985-08-07,2026-04-22 16:02:38.781609,2026-04-22 16:02:38.781610
6696,M****** Porto,420.***.***-**,a*******@example.net,2081,1985-09-22,2026-04-22 16:02:38.781759,2026-04-22 16:02:38.781759
6777,D*** Aurora Rezende,368.***.***-**,m************@example.org,4431,1985-09-10,2026-04-22 16:02:38.781849,2026-04-22 16:02:38.781850
6890,Y** Nogueira,345.***.***-**,m************@example.com,5677,1985-07-19,2026-04-22 16:02:38.781975,2026-04-22 16:02:38.781976
6945,R***** da Paz,740.***.***-**,n*******@example.net,3342,1985-03-22,2026-04-22 16:02:38.782037,2026-04-22 16:02:38.782037
6948,V**** Nogueira,694.***.***-**,d********@example.com,9062,1985-11-12,2026-04-22 16:02:38.782040,2026-04-22 16:02:38.782040
7001,J*** Pedro Alves,653.***.***-**,b*************@example.net,6493,1985-05-25,2026-04-22 16:02:38.782101,2026-04-22 16:02:38.782101
7065,F***** Brito,897.***.***-**,r*****@example.org,2550,1985-05-11,2026-04-22 16:02:38.782172,2026-04-22 16:02:38.782172
7071,L*** Miguel Castro,489.***.***-**,i*********@example.net,6265,1985-12-18,2026-04-22 16:02:38.782178,2026-04-22 16:02:38.782179
7121,R***** Duarte,587.***.***-**,r******@example.org,5322,1985-06-01,2026-04-22 16:02:38.782238,2026-04-22 16:02:38.782238
7153,D*** Rebeca Nogueira,756.***.***-**,g*******@example.org,0383,1985-05-16,2026-04-22 16:02:38.782275,2026-04-22 16:02:38.782275
7217,B******* Macedo,405.***.***-**,e**************@example.com,5872,1985-12-08,2026-04-22 16:02:38.782348,2026-04-22 16:02:38.782349
7247,V******* Novaes,927.***.***-**,b********@example.com,5655,1985-06-15,2026-04-22 16:02:38.782380,2026-04-22 16:02:38.782381
7267,H****** Alves,564.***.***-**,c**************@example.net,5692,1985-07-19,2026-04-22 16:02:38.782403,2026-04-22 16:02:38.782404
7270,E***** Albuquerque,079.***.***-**,e*************@example.net,0164,1985-01-03,2026-04-22 16:02:38.782406,2026-04-22 16:02:38.782407
7336,I*** Santos,543.***.***-**,l*********@example.net,2166,1985-03-20,2026-04-22 16:02:38.782481,2026-04-22 16:02:38.782482
7351,M****** Oliveira,470.***.***-**,p*************@example.com,6780,1985-09-23,2026-04-22 16:02:38.782497,2026-04-22 16:02:38.782498
7373,L******* Moura,039.***.***-**,m************@example.com,2491,1985-11-11,2026-04-22 16:02:38.782525,2026-04-22 16:02:38.782526
7441,T*** da Cunha,538.***.***-**,i****@example.com,7748,1985-06-16,2026-04-22 16:02:38.782604,2026-04-22 16:02:38.782605
7467,V**** Hugo Moura,078.***.***-**,p**@example.com,9865,1985-03-16,2026-04-22 16:02:38.782634,2026-04-22 16:02:38.782634
7490,Y** Câmara,704.***.***-**,d*********************@example.com,2087,1985-09-30,2026-04-22 16:02:38.782658,2026-04-22 16:02:38.782659
7571,L*** Miguel Pinto,513.***.***-**,p************@example.net,0203,1985-07-02,2026-04-22 16:02:38.782749,2026-04-22 16:02:38.782749
7719,L****** Viana,837.***.***-**,v********@example.net,3204,1985-03-26,2026-04-22 16:02:38.782918,2026-04-22 16:02:38.782918
7750,A***** Porto,513.***.***-**,p**********@example.net,9900,1985-01-09,2026-04-22 16:02:38.782951,2026-04-22 16:02:38.782951
7781,J****** Souza,984.***.***-**,c**************@example.com,4355,1985-07-13,2026-04-22 16:02:38.782986,2026-04-22 16:02:38.782987
7838,L**** Macedo,087.***.***-**,d****@example.net,4441,1985-08-15,2026-04-22 16:02:38.783050,2026-04-22 16:02:38.783051
7846,E***** Siqueira,978.***.***-**,c*******************@example.com,7899,1985-12-31,2026-04-22 16:02:38.783061,2026-04-22 16:02:38.783061
7900,M****** da Conceição,248.***.***-**,m***********@example.com,5474,1985-04-18,2026-04-22 16:02:38.783120,2026-04-22 16:02:38.783121
7903,S**** Kamilly Novaes,475.***.***-**,c*******@example.com,9458,1985-05-16,2026-04-22 16:02:38.783123,2026-04-22 16:02:38.783124
7950,S***** Melo,589.***.***-**,g*********************@example.com,7341,1985-03-12,2026-04-22 16:02:38.783176,2026-04-22 16:02:38.783176
7989,E*** Rezende,574.***.***-**,d***************@example.net,8126,1985-08-17,2026-04-22 16:02:38.783220,2026-04-22 16:02:38.783220
8084,A** Lívia Jesus,852.***.***-**,k*****@example.net,5670,1985-03-15,2026-04-22 16:02:38.783325,2026-04-22 16:02:38.783325
8123,R****** Macedo,540.***.***-**,z******@example.org,9615,1985-12-10,2026-04-22 16:02:38.783368,2026-04-22 16:02:38.783369
8136,D*** Lucas Macedo,954.***.***-**,x******@example.net,8172,1985-02-24,2026-04-22 16:02:38.783382,2026-04-22 16:02:38.783383
8221,S**** Giovanna Carvalho,714.***.***-**,j******@example.net,6337,1985-05-22,2026-04-22 16:02:38.783480,2026-04-22 16:02:38.783481
8260,S***** Cavalcanti,527.***.***-**,w******@example.org,8913,1985-06-03,2026-04-22 16:02:38.783544,2026-04-22 16:02:38.783544
8272,A***** Rodrigues,149.***.***-**,g**********@example.net,3796,1985-12-15,2026-04-22 16:02:38.783560,2026-04-22 16:02:38.783561
8300,E******** Novaes,580.***.***-**,r************@example.net,2432,1985-02-23,2026-04-22 16:02:38.783600,2026-04-22 16:02:38.783600
8321,M**** Cecília Dias,193.***.***-**,r******@example.com,0360,1985-08-07,2026-04-22 16:02:38.783626,2026-04-22 16:02:38.783627
8352,H****** Porto,501.***.***-**,m********@example.com,3369,1985-04-02,2026-04-22 16:02:38.783662,2026-04-22 16:02:38.783662
8436,A** Luiza Farias,740.***.***-**,b*******@example.com,9347,1985-06-08,2026-04-22 16:02:38.783768,2026-04-22 16:02:38.783769
8454,F***** Pires,316.***.***-**,x*******@example.net,1482,1985-10-26,2026-04-22 16:02:38.783791,2026-04-22 16:02:38.783791
8481,J*** Souza,876.***.***-**,d********@example.org,0327,1985-02-12,2026-04-22 16:02:38.783834,2026-04-22 16:02:38.783835
8526,G******** Oliveira,519.***.***-**,m*********@example.com,9446,1985-06-20,2026-04-22 16:02:38.783887,2026-04-22 16:02:38.783888
8651,D** Léo Lima,025.***.***-**,c**********@example.com,3264,1985-11-27,2026-04-22 16:02:38.784025,2026-04-22 16:02:38.784026
8666,J*** Peixoto,913.***.***-**,h**********@example.com,9640,1985-08-16,2026-04-22 16:02:38.784044,2026-04-22 16:02:38.784044
8841,V******** Castro,382.***.***-**,b********@example.org,3601,1985-06-25,2026-04-22 16:02:38.784238,2026-04-22 16:02:38.784238
8870,T*** da Mata,705.***.***-**,z*******@example.org,3597,1985-03-12,2026-04-22 16:02:38.784271,2026-04-22 16:02:38.784271
8891,J****** Duarte,851.***.***-**,s**************@example.org,8719,1985-12-20,2026-04-22 16:02:38.784293,2026-04-22 16:02:38.784293
8898,C**** Nunes,279.***.***-**,g***********@example.net,3671,1985-03-13,2026-04-22 16:02:38.784300,2026-04-22 16:02:38.784301
8952,S*** Aurora Casa Grande,576.***.***-**,j******@example.org,1943,1985-12-14,2026-04-22 16:02:38.784362,2026-04-22 16:02:38.784363
9025,T***** Cardoso,413.***.***-**,n******@example.org,8259,1985-11-11,2026-04-22 16:02:38.784449,2026-04-22 16:02:38.784449
9032,A** Laura Lopes,197.***.***-**,a***********@example.net,9292,1985-08-08,2026-04-22 16:02:38.784456,2026-04-22 16:02:38.784457
9040,S*** Clarice Nogueira,358.***.***-**,f*************@example.net,8631,1985-12-26,2026-04-22 16:02:38.784467,2026-04-22 16:02:38.784467
9191,M**** Helena da Rocha,485.***.***-**,i***********@example.com,2787,1985-02-07,2026-04-22 16:02:38.784642,2026-04-22 16:02:38.784642
9239,M**** Luísa Rocha,358.***.***-**,d***************@example.org,8517,1985-07-22,2026-04-22 16:02:38.784695,2026-04-22 16:02:38.784695
9247,D** Dom Rocha,351.***.***-**,e******@example.net,2627,1985-09-29,2026-04-22 16:02:38.784703,2026-04-22 16:02:38.784705
9337,I** Porto,067.***.***-**,g*****@example.net,0189,1985-11-04,2026-04-22 16:02:38.784813,2026-04-22 16:02:38.784813
9378,T***** Mendonça,083.***.***-**,c******@example.net,7245,1985-01-25,2026-04-22 16:02:38.784858,2026-04-22 16:02:38.784859
9524,T*** Moraes,649.***.***-**,a******@example.com,2143,1985-11-29,2026-04-22 16:02:38.785021,2026-04-22 16:02:38.785022
9728,M***** Ribeiro,592.***.***-**,c********@example.net,9703,1985-12-02,2026-04-22 16:02:38.785253,2026-04-22 16:02:38.785253
9741,A****** Gabriel Pacheco,879.***.***-**,e*************@example.org,0589,1985-12-01,2026-04-22 16:02:38.785267,2026-04-22 16:02:38.785267
9833,C***** Barbosa,058.***.***-**,l********@example.net,7566,1985-04-30,2026-04-22 16:02:38.785371,2026-04-22 16:02:38.785371
9970,E***** Mendonça,940.***.***-**,e*******@example.org,0765,1985-08-12,2026-04-22 16:02:38.785532,2026-04-22 16:02:38.785532
10043,V****** Melo,376.***.***-**,p**********@example.org,7317,1985-03-09,2026-04-22 16:02:38.785615,2026-04-22 16:02:38.785615
10113,S**** Mariah Vieira,861.***.***-**,c**********@example.org,0380,1985-04-15,2026-04-22 16:02:38.785695,2026-04-22 16:02:38.785695
10249,Y** Gonçalves,514.***.***-**,c***********@example.com,1631,1985-11-24,2026-04-22 16:02:38.785847,2026-04-22 16:02:38.785847
10253,L****** Nascimento,651.***.***-**,p*******@example.com,2057,1985-10-07,2026-04-22 16:02:38.785851,2026-04-22 16:02:38.785852
10300,S*** Allana da Conceição,321.***.***-**,j*********@example.net,1003,1985-08-26,2026-04-22 16:02:38.785906,2026-04-22 16:02:38.785906
10359,P**** Borges,329.***.***-**,f*************@example.org,7466,1985-12-23,2026-04-22 16:02:38.785975,2026-04-22 16:02:38.785976
10415,P**** Miguel Moura,167.***.***-**,f************@example.net,0427,1985-03-12,2026-04-22 16:02:38.786038,2026-04-22 16:02:38.786039
10426,J*** Pedro Teixeira,704.***.***-**,d********************@example.org,1144,1985-08-03,2026-04-22 16:02:38.786051,2026-04-22 16:02:38.786051
10442,D*** Lucas Lima,504.***.***-**,i**********@example.net,3871,1985-03-25,2026-04-22 16:02:38.786070,2026-04-22 16:02:38.786071
10455,H****** Camargo,379.***.***-**,c*********@example.net,1917,1985-05-31,2026-04-22 16:02:38.786084,2026-04-22 16:02:38.786085
10457,S***** Moura,965.***.***-**,o*****@example.com,6831,1985-09-25,2026-04-22 16:02:38.786086,2026-04-22 16:02:38.786087
10548,R***** Aparecida,946.***.***-**,m********@example.org,4488,1985-08-22,2026-04-22 16:02:38.786190,2026-04-22 16:02:38.786190
10696,G****** Fernandes,451.***.***-**,v***********@example.net,7473,1985-08-02,2026-04-22 16:02:38.786356,2026-04-22 16:02:38.786357
10906,F******* Gonçalves,659.***.***-**,x********@example.org,4718,1985-02-28,2026-04-22 16:02:38.786603,2026-04-22 16:02:38.786603
10912,V**** Pacheco,928.***.***-**,m***************@example.com,0587,1985-12-30,2026-04-22 16:02:38.786609,2026-04-22 16:02:38.786610
10946,L** Pastor,317.***.***-**,s********@example.org,0053,1985-10-21,2026-04-22 16:02:38.786646,2026-04-22 16:02:38.786646
10976,D** Juan Melo,429.***.***-**,q******@example.org,6588,1985-07-04,2026-04-22 16:02:38.786681,2026-04-22 16:02:38.786681
10982,J**** Leão,439.***.***-**,a*********@example.org,3337,1985-05-20,2026-04-22 16:02:38.786688,2026-04-22 16:02:38.786688
11037,G****** Marques,620.***.***-**,x********@example.com,9407,1985-05-23,2026-04-22 16:02:38.786751,2026-04-22 16:02:38.786752
11042,A***** Vasconcelos,534.***.***-**,o***********@example.org,1022,1985-01-13,2026-04-22 16:02:38.786756,2026-04-22 16:02:38.786757
11065,P**** da Rosa,674.***.***-**,c***************@example.org,4893,1985-01-18,2026-04-22 16:02:38.786781,2026-04-22 16:02:38.786782
11207,E**** Aragão,703.***.***-**,a**************@example.net,9127,1985-06-18,2026-04-22 16:02:38.786943,2026-04-22 16:02:38.786944
11244,M**** Fernanda Rodrigues,059.***.***-**,g********@example.com,5343,1985-05-15,2026-04-22 16:02:38.786983,2026-04-22 16:02:38.786985
11310,F******* Macedo,957.***.***-**,a**********@example.org,4652,1985-11-02,2026-04-22 16:02:38.787058,2026-04-22 16:02:38.787059
11384,M**** Farias,891.***.***-**,v*************************@example.org,3369,1985-05-06,2026-04-22 16:02:38.787142,2026-04-22 16:02:38.787143
11458,N*** Souza,985.***.***-**,m***********@example.org,2241,1985-12-31,2026-04-22 16:02:38.787226,2026-04-22 16:02:38.787226
11519,M****** da Conceição,048.***.***-**,n************@example.org,0214,1985-07-17,2026-04-22 16:02:38.787293,2026-04-22 16:02:38.787293
11663,N****** Duarte,037.***.***-**,s*******@example.com,4026,1985-06-21,2026-04-22 16:02:38.787458,2026-04-22 16:02:38.787458
11692,A**** Azevedo,759.***.***-**,m***************@example.net,9719,1985-08-30,2026-04-22 16:02:38.787491,2026-04-22 16:02:38.787491
11744,E**** Sales,043.***.***-**,k**********@example.net,2763,1985-04-17,2026-04-22 16:02:38.787554,2026-04-22 16:02:38.787555
11846,S*** Bianca Borges,629.***.***-**,a*******@example.net,8589,1985-09-07,2026-04-22 16:02:38.787671,2026-04-22 16:02:38.787672
11933,B**** Rios,238.***.***-**,p**********@example.com,7598,1985-04-01,2026-04-22 16:02:38.787770,2026-04-22 16:02:38.787770
11956,S*** Ana Cecília Rodrigues,380.***.***-**,c*******@example.org,2632,1985-04-30,2026-04-22 16:02:38.787794,2026-04-22 16:02:38.787795
11977,L**** Machado,421.***.***-**,m**************@example.org,1426,1985-07-22,2026-04-22 16:02:38.787819,2026-04-22 16:02:38.787819
12024,S** Igor Cardoso,206.***.***-**,g********@example.com,0487,1985-10-23,2026-04-22 16:02:38.787871,2026-04-22 16:02:38.787871
12027,A**** Garcia,910.***.***-**,d***********@example.net,5885,1985-11-30,2026-04-22 16:02:38.787874,2026-04-22 16:02:38.787874
12129,M**** Clara Lima,908.***.***-**,h*******@example.com,4132,1985-10-05,2026-04-22 16:02:38.787996,2026-04-22 16:02:38.787996
12256,D**** Fernandes,630.***.***-**,c******************@example.org,4159,1985-01-12,2026-04-22 16:02:38.788146,2026-04-22 16:02:38.788146
12338,L** Porto,364.***.***-**,h***************@example.net,1416,1985-10-05,2026-04-22 16:02:38.788241,2026-04-22 16:02:38.788241
12356,D** Casa Grande,142.***.***-**,m************@example.com,5217,1985-07-29,2026-04-22 16:02:38.788262,2026-04-22 16:02:38.788263
12415,M**** Fernanda Silva,758.***.***-**,l***********@example.com,6480,1985-08-03,2026-04-22 16:02:38.788330,2026-04-22 16:02:38.788330
12587,L*** Novais,963.***.***-**,m*****************@example.org,0018,1985-04-04,2026-04-22 16:02:38.788537,2026-04-22 16:02:38.788537
12723,N***** da Costa,218.***.***-**,r**********@example.org,5706,1985-01-21,2026-04-22 16:02:38.788710,2026-04-22 16:02:38.788710
12755,T*** Casa Grande,589.***.***-**,c*******@example.net,0456,1985-12-11,2026-04-22 16:02:38.788746,2026-04-22 16:02:38.788746
12949,D** Benjamin Costa,430.***.***-**,j****************@example.org,5188,1985-08-04,2026-04-22 16:02:38.788969,2026-04-22 16:02:38.788970
13025,J*** Vitor Pastor,357.***.***-**,k********@example.net,3511,1985-04-09,2026-04-22 16:02:38.789055,2026-04-22 16:02:38.789056
13085,J**** Rios,021.***.***-**,b************@example.com,6277,1985-05-22,2026-04-22 16:02:38.789124,2026-04-22 16:02:38.789125
13111,S**** Duarte,103.***.***-**,p************@example.net,9998,1985-06-23,2026-04-22 16:02:38.789152,2026-04-22 16:02:38.789153
13142,P**** Lucas da Cruz,316.***.***-**,s***********@example.com,8736,1985-05-06,2026-04-22 16:02:38.789187,2026-04-22 16:02:38.789188
13152,M***** Vieira,213.***.***-**,l*********@example.net,1973,1985-09-06,2026-04-22 16:02:38.789198,2026-04-22 16:02:38.789199
13254,G******** Carvalho,261.***.***-**,j*********@example.com,5576,1985-04-14,2026-04-22 16:02:38.789326,2026-04-22 16:02:38.789327
13271,J**** da Luz,031.***.***-**,b*******@example.org,9096,1985-07-24,2026-04-22 16:02:38.789345,2026-04-22 16:02:38.789345
13287,S**** Bárbara Rocha,476.***.***-**,h*****@example.org,3096,1985-03-02,2026-04-22 16:02:38.789374,2026-04-22 16:02:38.789375
13288,S******* da Luz,256.***.***-**,k**********@example.com,3314,1985-12-14,2026-04-22 16:02:38.789375,2026-04-22 16:02:38.789376
13335,M***** Pimenta,603.***.***-**,g*********@example.org,7457,1985-04-15,2026-04-22 16:02:38.789438,2026-04-22 16:02:38.789439
13376,B****** da Conceição,547.***.***-**,m************@example.com,8818,1985-09-17,2026-04-22 16:02:38.789486,2026-04-22 16:02:38.789486
13402,E**** Castro,210.***.***-**,e*************@example.net,5578,1985-07-09,2026-04-22 16:02:38.789531,2026-04-22 16:02:38.789532
13497,E***** Silveira,127.***.***-**,d***************@example.com,3703,1985-04-25,2026-04-22 16:02:38.789647,2026-04-22 16:02:38.789650
13531,L***** Souza,168.***.***-**,j***********@example.org,0130,1985-04-17,2026-04-22 16:02:38.789687,2026-04-22 16:02:38.789687
13623,I** Farias,750.***.***-**,m********@example.com,7029,1985-10-16,2026-04-22 16:02:38.789794,2026-04-22 16:02:38.789794
13664,O***** Mendonça,023.***.***-**,m**************@example.net,8094,1985-04-16,2026-04-22 16:02:38.789842,2026-04-22 16:02:38.789842
13687,E***** Andrade,872.***.***-**,a********@example.com,5595,1985-08-02,2026-04-22 16:02:38.789870,2026-04-22 16:02:38.789870
13735,M**** Liz da Rocha,659.***.***-**,l*********@example.org,7262,1985-09-28,2026-04-22 16:02:38.789925,2026-04-22 16:02:38.789926
13822,M***** Sales,416.***.***-**,l******@example.net,5242,1985-11-14,2026-04-22 16:02:38.790024,2026-04-22 16:02:38.790024
13926,I****** Moura,680.***.***-**,m**********@example.net,2503,1985-01-18,2026-04-22 16:02:38.790143,2026-04-22 16:02:38.790143
13970,V**** Gabriel Rezende,708.***.***-**,j***********@example.com,5722,1985-04-28,2026-04-22 16:02:38.790192,2026-04-22 16:02:38.790193
14003,B******* Correia,073.***.***-**,v*******@example.org,6566,1985-04-12,2026-04-22 16:02:38.790228,2026-04-22 16:02:38.790229
14066,Y***** Martins,750.***.***-**,c***************@example.com,0789,1985-06-02,2026-04-22 16:02:38.790301,2026-04-22 16:02:38.790302
14182,H******* da Cruz,930.***.***-**,s**********@example.net,3173,1985-03-21,2026-04-22 16:02:38.790440,2026-04-22 16:02:38.790441
14188,S******* Lima,802.***.***-**,d****************@example.com,7624,1985-05-08,2026-04-22 16:02:38.790447,2026-04-22 16:02:38.790448
14207,E**** da Rocha,089.***.***-**,u*****@example.com,5110,1985-02-04,2026-04-22 16:02:38.790468,2026-04-22 16:02:38.790468
14310,R****** Freitas,839.***.***-**,t*******@example.net,1491,1985-09-19,2026-04-22 16:02:38.790597,2026-04-22 16:02:38.790598
14325,S**** Sales,809.***.***-**,a***************@example.com,9745,1985-11-08,2026-04-22 16:02:38.790614,2026-04-22 16:02:38.790615
14338,L**** Pastor,154.***.***-**,s************@example.com,9009,1985-06-15,2026-04-22 16:02:38.790629,2026-04-22 16:02:38.790629
14367,P***** Ferreira,413.***.***-**,v******************@example.com,8902,1985-06-22,2026-04-22 16:02:38.790663,2026-04-22 16:02:38.790663
14428,R*** Novais,391.***.***-**,m********@example.net,7606,1985-07-21,2026-04-22 16:02:38.790731,2026-04-22 16:02:38.790732
14431,C**** Pimenta,180.***.***-**,a*******************@example.net,7775,1985-05-23,2026-04-22 16:02:38.790735,2026-04-22 16:02:38.790735
14451,N****** Barbosa,291.***.***-**,l*********@example.com,0198,1985-01-28,2026-04-22 16:02:38.790760,2026-04-22 16:02:38.790760
14455,K***** Freitas,684.***.***-**,s************@example.org,9909,1985-10-21,2026-04-22 16:02:38.790764,2026-04-22 16:02:38.790765
14530,M***** Pereira,819.***.***-**,l******@example.com,9294,1985-12-26,2026-04-22 16:02:38.790851,2026-04-22 16:02:38.790851
14575,S**** Alves,490.***.***-**,l***********@example.org,9394,1985-01-15,2026-04-22 16:02:38.790901,2026-04-22 16:02:38.790902
14615,N***** Moraes,059.***.***-**,c***********@example.com,3263,1985-11-24,2026-04-22 16:02:38.790946,2026-04-22 16:02:38.790947
14657,D*** Miguel Teixeira,015.***.***-**,h***************@example.org,6860,1985-02-20,2026-04-22 16:02:38.790994,2026-04-22 16:02:38.790994
14791,S**** Macedo,659.***.***-**,s*************@example.net,0376,1985-09-25,2026-04-22 16:02:38.791151,2026-04-22 16:02:38.791152
14826,O***** Cassiano,073.***.***-**,r***********@example.org,0969,1985-12-08,2026-04-22 16:02:38.791192,2026-04-22 16:02:38.791192
14849,R*** Rios,628.***.***-**,d***************@example.com,5744,1985-10-26,2026-04-22 16:02:38.791216,2026-04-22 16:02:38.791217
15027,V******** Oliveira,932.***.***-**,n************@example.org,6074,1985-06-08,2026-04-22 16:02:38.791418,2026-04-22 16:02:38.791421
15169,G*** Almeida,560.***.***-**,g**************@example.org,4870,1985-11-20,2026-04-22 16:02:38.791611,2026-04-22 16:02:38.791611
15196,S**** Maria Júlia Pires,294.***.***-**,s*********@example.net,0989,1985-05-01,2026-04-22 16:02:38.791641,2026-04-22 16:02:38.791641
15213,S*** Luísa Viana,536.***.***-**,l**************@example.com,2861,1985-12-29,2026-04-22 16:02:38.791681,2026-04-22 16:02:38.791681
15251,D*** Bruna Silveira,780.***.***-**,m************@example.net,7581,1985-08-21,2026-04-22 16:02:38.791725,2026-04-22 16:02:38.791726
15264,F***** Novaes,904.***.***-**,e*******@example.org,1802,1985-04-14,2026-04-22 16:02:38.791740,2026-04-22 16:02:38.791740
15478,S** Léo Pires,561.***.***-**,m****************@example.org,1880,1985-08-30,2026-04-22 16:02:38.791986,2026-04-22 16:02:38.791987
15518,E*** Silveira,543.***.***-**,a********@example.org,0795,1985-08-09,2026-04-22 16:02:38.792032,2026-04-22 16:02:38.792033
15519,N****** Moraes,160.***.***-**,d**********@example.com,2813,1985-11-15,2026-04-22 16:02:38.792034,2026-04-22 16:02:38.792034
15528,J*** Vitor Albuquerque,568.***.***-**,t******@example.org,8613,1985-05-05,2026-04-22 16:02:38.792044,2026-04-22 16:02:38.792045
15594,D** Cauê das Neves,534.***.***-**,m*************@example.net,4827,1985-08-02,2026-04-22 16:02:38.792120,2026-04-22 16:02:38.792121
15624,J*** Lucas Pastor,915.***.***-**,d**********@example.net,1009,1985-10-30,2026-04-22 16:02:38.792196,2026-04-22 16:02:38.792196
15660,S**** Daniela da Rosa,107.***.***-**,c*************@example.org,3479,1985-10-27,2026-04-22 16:02:38.792245,2026-04-22 16:02:38.792245
15681,J*** Gabriel Camargo,150.***.***-**,h***************@example.com,9733,1985-04-09,2026-04-22 16:02:38.792270,2026-04-22 16:02:38.792270
15729,M******* Rios,082.***.***-**,l************@example.com,7134,1985-10-07,2026-04-22 16:02:38.792340,2026-04-22 16:02:38.792341
15731,M**** Sophia Aparecida,289.***.***-**,p********@example.org,4939,1985-07-02,2026-04-22 16:02:38.792342,2026-04-22 16:02:38.792343
15777,R*** Brito,924.***.***-**,m***********@example.org,4658,1985-06-09,2026-04-22 16:02:38.792394,2026-04-22 16:02:38.792395
15784,P***** Pastor,157.***.***-**,l******@example.com,4050,1985-03-10,2026-04-22 16:02:38.792402,2026-04-22 16:02:38.792403
15803,J*** Guilherme Nunes,246.***.***-**,m***********@example.org,9907,1985-04-23,2026-04-22 16:02:38.792425,2026-04-22 16:02:38.792425
15833,B******* Ribeiro,825.***.***-**,l***********@example.org,5686,1985-01-19,2026-04-22 16:02:38.792457,2026-04-22 16:02:38.792458
15898,S****** Sousa,310.***.***-**,r*****************@example.org,0154,1985-09-10,2026-04-22 16:02:38.792547,2026-04-22 16:02:38.792548
15914,D** Luiz Miguel Lopes,860.***.***-**,a**********@example.net,6387,1985-01-02,2026-04-22 16:02:38.792566,2026-04-22 16:02:38.792566
15997,B**** Rodrigues,312.***.***-**,l******@example.net,7514,1985-11-09,2026-04-22 16:02:38.792662,2026-04-22 16:02:38.792663
16039,E***** da Mota,352.***.***-**,c*****@example.org,9542,1985-02-03,2026-04-22 16:02:38.792714,2026-04-22 16:02:38.792714
16143,S***** Fogaça,247.***.***-**,f*******@example.org,9240,1985-04-09,2026-04-22 16:02:38.792843,2026-04-22 16:02:38.792843
16220,T***** Cavalcanti,920.***.***-**,e**************@example.com,4848,1985-01-05,2026-04-22 16:02:38.792930,2026-04-22 16:02:38.792930
16226,A**** Rios,051.***.***-**,c*********@example.com,8582,1985-05-15,2026-04-22 16:02:38.792936,2026-04-22 16:02:38.792937
16245,O***** Machado,607.***.***-**,a************@example.net,7582,1985-01-16,2026-04-22 16:02:38.792957,2026-04-22 16:02:38.792958
16297,L**** Peixoto,641.***.***-**,x******@example.net,3952,1985-12-04,2026-04-22 16:02:38.793023,2026-04-22 16:02:38.793024
16337,G****** Mendonça,436.***.***-**,l**********@example.com,3823,1985-09-07,2026-04-22 16:02:38.793084,2026-04-22 16:02:38.793084
16375,Y** Farias,453.***.***-**,l*********@example.org,2527,1985-09-06,2026-04-22 16:02:38.793129,2026-04-22 16:02:38.793129
16436,M**** Luísa Azevedo,740.***.***-**,i****@example.org,0136,1985-09-13,2026-04-22 16:02:38.793221,2026-04-22 16:02:38.793221
16444,C*** Alves,193.***.***-**,b******@example.org,4972,1985-07-03,2026-04-22 16:02:38.793230,2026-04-22 16:02:38.793230
16504,D*** Luiz Macedo,957.***.***-**,m**************@example.net,8192,1985-01-11,2026-04-22 16:02:38.793296,2026-04-22 16:02:38.793297
16592,G*** Pereira,408.***.***-**,c***********@example.com,4704,1985-10-04,2026-04-22 16:02:38.793398,2026-04-22 16:02:38.793398
16635,S** Lucas Caldeira,976.***.***-**,b*******@example.org,1861,1985-08-11,2026-04-22 16:02:38.793446,2026-04-22 16:02:38.793447
16644,O***** Jesus,926.***.***-**,l********@example.com,1013,1985-11-08,2026-04-22 16:02:38.793460,2026-04-22 16:02:38.793460
16695,E***** Câmara,189.***.***-**,l******@example.net,1155,1985-07-29,2026-04-22 16:02:38.793533,2026-04-22 16:02:38.793533
16741,A******** Nascimento,043.***.***-**,e***********@example.net,6838,1985-02-18,2026-04-22 16:02:38.793598,2026-04-22 16:02:38.793598
16752,H**** da Cunha,720.***.***-**,s***********@example.org,0967,1985-04-09,2026-04-22 16:02:38.793610,2026-04-22 16:02:38.793610
16787,Á***** Fogaça,381.***.***-**,r*******@example.com,7046,1985-11-24,2026-04-22 16:02:38.793651,2026-04-22 16:02:38.793651
16866,E**** Ramos,415.***.***-**,d*****@example.com,1573,1985-11-24,2026-04-22 16:02:38.793741,2026-04-22 16:02:38.793741
16909,D***** Pires,038.***.***-**,m***********@example.net,5314,1985-12-30,2026-04-22 16:02:38.793790,2026-04-22 16:02:38.793791
17043,S**** Sabrina Sampaio,089.***.***-**,f**************@example.net,7532,1985-11-11,2026-04-22 16:02:38.793940,2026-04-22 16:02:38.793940
17148,L** Aragão,845.***.***-**,h******@example.org,0959,1985-05-10,2026-04-22 16:02:38.794056,2026-04-22 16:02:38.794056
17160,J*** Guilherme Costa,127.***.***-**,x*******@example.com,0876,1985-03-02,2026-04-22 16:02:38.794071,2026-04-22 16:02:38.794071
17202,A***** Brito,406.***.***-**,i***********@example.net,1483,1985-01-12,2026-04-22 16:02:38.794118,2026-04-22 16:02:38.794119
17220,I*** da Cunha,630.***.***-**,b**********@example.com,6056,1985-05-25,2026-04-22 16:02:38.794137,2026-04-22 16:02:38.794138
17231,D** Davi Guerra,582.***.***-**,t**********@example.net,4123,1985-08-21,2026-04-22 16:02:38.794149,2026-04-22 16:02:38.794150
17281,M****** Barros,072.***.***-**,g***************@example.org,4860,1985-07-07,2026-04-22 16:02:38.794209,2026-04-22 16:02:38.794209
17364,M***** Cavalcante,839.***.***-**,l********@example.com,2582,1985-11-29,2026-04-22 16:02:38.794311,2026-04-22 16:02:38.794313
17389,E******** Peixoto,453.***.***-**,d***************@example.net,3686,1985-02-08,2026-04-22 16:02:38.794341,2026-04-22 16:02:38.794341
17506,L**** Fonseca,239.***.***-**,g*****@example.org,4952,1985-12-15,2026-04-22 16:02:38.794475,2026-04-22 16:02:38.794475
17543,D*** Bella Nogueira,690.***.***-**,m****************@example.net,3949,1985-06-16,2026-04-22 16:02:38.794530,2026-04-22 16:02:38.794530
17600,S** Ryan Cardoso,430.***.***-**,k*****@example.org,0262,1985-09-03,2026-04-22 16:02:38.794611,2026-04-22 16:02:38.794611
17737,D****** Melo,563.***.***-**,d*******@example.org,7194,1985-05-16,2026-04-22 16:02:38.794783,2026-04-22 16:02:38.794783
17768,E*** Gabriel Farias,721.***.***-**,j********@example.net,7676,1985-08-18,2026-04-22 16:02:38.794818,2026-04-22 16:02:38.794818
17776,J*** Gabriel da Cruz,416.***.***-**,s********@example.net,5768,1985-10-24,2026-04-22 16:02:38.794826,2026-04-22 16:02:38.794827
17787,V******* Nascimento,087.***.***-**,p*************@example.com,0456,1985-02-17,2026-04-22 16:02:38.794838,2026-04-22 16:02:38.794839
17791,A** Freitas,327.***.***-**,r*****@example.com,9683,1985-05-16,2026-04-22 16:02:38.794844,2026-04-22 16:02:38.794845
17875,E******** Aragão,952.***.***-**,g*****************@example.net,8389,1985-05-05,2026-04-22 16:02:38.794953,2026-04-22 16:02:38.794954
17885,M***** Vinicius Guerra,763.***.***-**,g********@example.org,6039,1985-05-01,2026-04-22 16:02:38.794964,2026-04-22 16:02:38.794965
17924,E****** Cardoso,305.***.***-**,e*****@example.net,6327,1985-10-14,2026-04-22 16:02:38.795010,2026-04-22 16:02:38.795011
18003,S** Luiz Felipe Andrade,765.***.***-**,b***********@example.com,8384,1985-08-23,2026-04-22 16:02:38.795102,2026-04-22 16:02:38.795103
18009,M**** Vitória Santos,945.***.***-**,g**********@example.net,1223,1985-06-26,2026-04-22 16:02:38.795109,2026-04-22 16:02:38.795109
18024,M**** Cecília Mendes,379.***.***-**,c*****@example.com,8751,1985-08-28,2026-04-22 16:02:38.795125,2026-04-22 16:02:38.795125
18025,A** Julia Aparecida,486.***.***-**,m******************@example.net,2263,1985-07-27,2026-04-22 16:02:38.795126,2026-04-22 16:02:38.795126
18193,M****** Teixeira,831.***.***-**,t*******@example.com,0278,1985-07-12,2026-04-22 16:02:38.795317,2026-04-22 16:02:38.795317
18288,M****** Santos,678.***.***-**,n****************@example.org,2832,1985-12-20,2026-04-22 16:02:38.795424,2026-04-22 16:02:38.795425
18300,S** Thiago Ferreira,651.***.***-**,c**********@example.com,5223,1985-04-15,2026-04-22 16:02:38.795440,2026-04-22 16:02:38.795441
18368,S*** Esther Siqueira,409.***.***-**,r***********@example.org,0278,1985-06-12,2026-04-22 16:02:38.795521,2026-04-22 16:02:38.795521
18379,V****** Caldeira,103.***.***-**,b************@example.org,1209,1985-02-28,2026-04-22 16:02:38.795533,2026-04-22 16:02:38.795534
18453,A****** Albuquerque,816.***.***-**,d********@example.org,4653,1985-10-10,2026-04-22 16:02:38.795637,2026-04-22 16:02:38.795637
18677,S** Dante Pires,843.***.***-**,p**********@example.com,0223,1985-09-28,2026-04-22 16:02:38.795907,2026-04-22 16:02:38.795908
18688,J*** Vitor Aragão,924.***.***-**,h*************@example.com,3431,1985-11-14,2026-04-22 16:02:38.795921,2026-04-22 16:02:38.795922
18713,D** Luiz Fernando Araújo,291.***.***-**,d**************@example.com,8073,1985-08-25,2026-04-22 16:02:38.795950,2026-04-22 16:02:38.795950
18758,P***** Campos,163.***.***-**,d*****************@example.net,0244,1985-12-28,2026-04-22 16:02:38.796001,2026-04-22 16:02:38.796001
18760,D**** Rocha,342.***.***-**,e*********@example.org,7828,1985-04-08,2026-04-22 16:02:38.796003,2026-04-22 16:02:38.796003
18911,M**** Cecília Carvalho,028.***.***-**,l************@example.net,0488,1985-12-27,2026-04-22 16:02:38.796174,2026-04-22 16:02:38.796175
19007,S*** Clarice Carvalho,384.***.***-**,c***********@example.com,7369,1985-10-06,2026-04-22 16:02:38.796282,2026-04-22 16:02:38.796283
19019,J*** Nascimento,068.***.***-**,d********@example.net,8469,1985-09-21,2026-04-22 16:02:38.796295,2026-04-22 16:02:38.796296
19064,H**** da Rosa,045.***.***-**,r****************@example.com,6306,1985-05-20,2026-04-22 16:02:38.796348,2026-04-22 16:02:38.796350
19140,N*** Abreu,924.***.***-**,b************@example.com,1964,1985-05-26,2026-04-22 16:02:38.796434,2026-04-22 16:02:38.796435
19159,C***** Siqueira,826.***.***-**,i**********@example.org,4341,1985-04-07,2026-04-22 16:02:38.796456,2026-04-22 16:02:38.796457
19207,J*** Pedro Marques,385.***.***-**,i**********@example.org,0852,1985-09-20,2026-04-22 16:02:38.796511,2026-04-22 16:02:38.796511
19217,S**** Maria Clara Araújo,852.***.***-**,g******@example.com,1347,1985-10-04,2026-04-22 16:02:38.796535,2026-04-22 16:02:38.796535
19277,O***** Sá,853.***.***-**,s*******@example.net,6690,1985-04-23,2026-04-22 16:02:38.796610,2026-04-22 16:02:38.796639
19281,N*** Alves,245.***.***-**,c*******@example.com,6911,1985-10-29,2026-04-22 16:02:38.796643,2026-04-22 16:02:38.796644
19327,M**** Luiza Vieira,013.***.***-**,r*******@example.net,6876,1985-12-05,2026-04-22 16:02:38.796696,2026-04-22 16:02:38.796696
19398,B***** Fogaça,698.***.***-**,m*************@example.net,3438,1985-03-10,2026-04-22 16:02:38.796782,2026-04-22 16:02:38.796783
19529,I** Castro,095.***.***-**,j******@example.net,0329,1985-11-10,2026-04-22 16:02:38.796932,2026-04-22 16:02:38.796932
19602,V**** Gabriel Fogaça,913.***.***-**,r*******@example.com,0602,1985-03-05,2026-04-22 16:02:38.797016,2026-04-22 16:02:38.797016
19650,L**** Vasconcelos,876.***.***-**,j***************@example.org,5568,1985-02-12,2026-04-22 16:02:38.797071,2026-04-22 16:02:38.797071
19678,M***** Costela,264.***.***-**,o*******@example.net,3550,1985-10-31,2026-04-22 16:02:38.797104,2026-04-22 16:02:38.797104
19780,K**** Guerra,750.***.***-**,g**********@example.org,1650,1985-09-28,2026-04-22 16:02:38.797220,2026-04-22 16:02:38.797220
19835,V****** Rios,781.***.***-**,v***********@example.net,7011,1985-05-20,2026-04-22 16:02:38.797287,2026-04-22 16:02:38.797287
19841,R**** Costa,540.***.***-**,a*************@example.com,3160,1985-02-16,2026-04-22 16:02:38.797294,2026-04-22 16:02:38.797294
19853,H****** Pacheco,795.***.***-**,a**************@example.net,7986,1985-12-29,2026-04-22 16:02:38.797307,2026-04-22 16:02:38.797308
19857,M***** Vinicius Sousa,530.***.***-**,r***********@example.com,1363,1985-07-08,2026-04-22 16:02:38.797312,2026-04-22 16:02:38.797312
19898,D** Eduardo Freitas,194.***.***-**,h***************@example.net,2815,1985-04-18,2026-04-22 16:02:38.797360,2026-04-22 16:02:38.797360
19908,N****** Duarte,698.***.***-**,p*****************@example.com,0323,1985-07-09,2026-04-22 16:02:38.797371,2026-04-22 16:02:38.797371
